,molecule_chembl_id,canonical_smiles,MW,LogP,NumHDonors,NumHAcceptors,pIC50,bioactivity_class
0,CHEMBL119345,Cc1ccc2[nH]c(O)c(/N=N/C(=N)S)c2c1,234.28400000000002,3.1301900000000007,4.0,3.0,4.357535479757878,inactive
1,CHEMBL120254,NC(=S)/N=N/c1c(O)[nH]c2ccc([N+](=O)[O-])cc12,265.254,2.109,3.0,5.0,5.356547323513812,intermediate
2,CHEMBL120076,COc1cccc(CN2C(=O)C(=O)c3cc(Cl)ccc32)c1,301.729,3.078100000000002,0.0,3.0,4.460923901207224,inactive
3,CHEMBL333067,O=C1C(=O)N(Cc2ccc(Cl)cc2)c2ccc(Cl)cc21,306.148,3.722900000000002,0.0,2.0,4.505845405981558,inactive
4,CHEMBL118210,Cc1cc(C)c2[nH]c(O)c(/N=N/C(=N)S)c2c1,248.31100000000004,3.4386100000000015,4.0,3.0,4.87942606879415,inactive
5,CHEMBL324722,COc1cccc(CN2C(=O)C(=O)c3cc(C)ccc32)c1,281.311,2.7331200000000013,0.0,3.0,4.6595558851598815,inactive
6,CHEMBL119213,NC(=S)/N=N/c1c(O)[nH]c2ccc(Cl)cc12,254.70200000000003,2.8541999999999996,3.0,3.0,4.484126156288321,inactive
7,CHEMBL118355,Cc1cc(Cl)cc2c(/N=N/C(=N)S)c(O)[nH]c12,268.72900000000004,3.783590000000001,4.0,3.0,5.026872146400302,intermediate
8,CHEMBL336693,O=C1C(=O)N(Cc2ccccc2)c2ccc(Cl)cc21,271.70300000000003,3.0695000000000014,0.0,2.0,4.328827157284917,inactive
9,CHEMBL418861,NC(=S)/N=N/c1c(O)[nH]c2ccc(Br)cc12,299.1530000000001,2.9633000000000003,3.0,3.0,4.528708288941061,inactive
10,CHEMBL118305,O=C1Nc2ccc([N+](=O)[O-])cc2C1=O,192.12999999999997,0.7296,1.0,4.0,4.370590400897281,inactive
11,CHEMBL117767,Cc1ccc2c(c1)C(=O)C(=O)N2Cc1ccccc1-c1ccccc1,327.38300000000004,4.391520000000003,0.0,2.0,5.036212172654444,intermediate
12,CHEMBL333137,NC(=S)/N=N/c1c(O)[nH]c2ccccc12,220.25700000000003,2.2008,3.0,3.0,4.411168274405792,inactive
13,CHEMBL119370,NC(=S)/N=N/c1c(O)[nH]c2ccc(I)cc12,346.1530000000001,2.8053999999999997,3.0,3.0,4.542118103266008,inactive
14,CHEMBL119756,NC(=S)/N=N/c1c(O)[nH]c2ccc(F)cc12,238.247,2.3399,3.0,3.0,4.413412695328245,inactive
15,CHEMBL414179,O=S1(=O)C2=C(O)CC(c3ccc(Cl)cc3)CC2=Nc2ccc(F)cc21,377.8240000000001,4.686100000000002,1.0,4.0,5.301029995663981,intermediate
16,CHEMBL90748,COc1ccc(C2CC3=Nc4ccc(Cl)cc4SC3=C(O)C2)cc1OC,387.88800000000015,5.882600000000004,1.0,5.0,4.522878745280337,inactive
17,CHEMBL93881,OC1=C2Sc3cc(Cl)ccc3N=C2CC(c2ccc(Cl)cc2Cl)C1,396.7260000000001,7.172200000000003,1.0,3.0,5.0,inactive
18,CHEMBL420812,COc1cccc(C2CC3=Nc4ccc(Cl)cc4SC3=C(O)C2)c1OC,387.8880000000002,5.882600000000004,1.0,5.0,5.0,inactive
19,CHEMBL92805,O=S1(=O)C2=C(O)CC(c3ccccc3)CC2=Nc2ccc(Cl)cc21,359.8340000000001,4.547000000000002,1.0,4.0,5.3979400086720375,intermediate
20,CHEMBL91233,COc1ccc(C2CC3=Nc4ccc(F)cc4SC3=C(O)C2)cc1OC,371.43300000000016,5.368300000000003,1.0,5.0,4.698970004336019,inactive
21,CHEMBL329337,COc1cccc(C2CC3=Nc4ccc(Cl)cc4SC3=C(O)C2)c1,357.86200000000014,5.874000000000003,1.0,4.0,4.698970004336019,inactive
22,CHEMBL89985,OC1=C2Sc3cc(Cl)ccc3N=C2CCC1,251.73799999999994,4.471700000000002,1.0,3.0,4.3979400086720375,inactive
23,CHEMBL92872,CC1(C)CC2=Nc3ccc(Cl)cc3SC2=C(O)C1,279.79200000000003,5.107800000000003,1.0,3.0,4.522878745280337,inactive
24,CHEMBL91234,OC1=C2Sc3cc(Cl)ccc3N=C2CC(c2ccccc2)C1,327.836,5.865400000000004,1.0,3.0,5.0,inactive
25,CHEMBL93694,COc1ccc(C2CC3=Nc4ccc(Cl)cc4S(=O)(=O)C3=C(O)C2)cc1OC,419.8860000000002,4.564200000000004,1.0,6.0,4.301029995663981,inactive
26,CHEMBL92683,CC1(C)CC2=Nc3ccc(F)cc3SC2=C(O)C1,263.337,4.593500000000002,1.0,3.0,4.221848749616356,inactive
27,CHEMBL329629,CC1(C)CC2=Nc3ccc(Cl)cc3S(=O)(=O)C2=C(O)C1,311.7900000000001,3.789400000000003,1.0,4.0,5.301029995663981,intermediate
28,CHEMBL328100,COc1ccc(C2CC3=Nc4ccc(Cl)cc4S(=O)(=O)C3=C(O)C2)cc1,389.8600000000001,4.555600000000004,1.0,5.0,4.522878745280337,inactive
29,CHEMBL90245,OC1=C2Sc3cc(F)ccc3N=C2CC(c2ccc(Cl)cc2)C1,345.826,6.004500000000003,1.0,3.0,5.301029995663981,intermediate
30,CHEMBL92995,COc1cccc(C2CC3=Nc4ccc(F)cc4SC3=C(O)C2)c1OC,371.43300000000016,5.368300000000003,1.0,5.0,4.698970004336019,inactive
31,CHEMBL433390,COc1ccc(C2CC3=Nc4ccc(Cl)cc4SC3=C(O)C2)cc1,357.8620000000001,5.874000000000003,1.0,4.0,5.0,inactive
32,CHEMBL92738,OC1=C2Sc3cc(F)ccc3N=C2CC(c2ccc(Cl)cc2Cl)C1,380.2710000000001,6.657900000000002,1.0,3.0,5.0,inactive
33,CHEMBL93846,O=S1(=O)C2=C(O)CC(c3ccc(Cl)cc3Cl)CC2=Nc2ccc(Cl)cc21,428.7240000000001,5.853800000000003,1.0,4.0,4.522878745280337,inactive
34,CHEMBL93466,OC1=C2Sc3cc(F)ccc3N=C2CC(c2ccccc2)C1,311.38100000000003,5.351100000000003,1.0,3.0,4.698970004336019,inactive
35,CHEMBL91049,CC1(C)CC2=Nc3ccc(F)cc3S(=O)(=O)C2=C(O)C1,295.33500000000004,3.275100000000001,1.0,4.0,5.301029995663981,intermediate
36,CHEMBL92956,COc1cccc(C2CC3=Nc4ccc(Cl)cc4S(=O)(=O)C3=C(O)C2)c1OC,419.88600000000025,4.564200000000004,1.0,6.0,5.3979400086720375,intermediate
37,CHEMBL91050,OC1=C2Sc3cc(Cl)ccc3N=C2CC(c2ccc(Cl)cc2)C1,362.28100000000006,6.518800000000003,1.0,3.0,5.3979400086720375,intermediate
38,CHEMBL329532,COc1ccc(C2CC3=Nc4ccc(F)cc4S(=O)(=O)C3=C(O)C2)cc1OC,403.4310000000002,4.049900000000003,1.0,6.0,5.301029995663981,intermediate
39,CHEMBL93465,COc1cccc(C2CC3=Nc4ccc(F)cc4SC3=C(O)C2)c1,341.4070000000001,5.359700000000003,1.0,4.0,4.698970004336019,inactive
40,CHEMBL91856,O=S1(=O)C2=C(O)CC(c3ccc(Cl)cc3)CC2=Nc2ccc(Cl)cc21,394.27900000000017,5.200400000000002,1.0,4.0,5.3979400086720375,intermediate
41,CHEMBL93341,COc1cccc(C2CC3=Nc4ccc(F)cc4S(=O)(=O)C3=C(O)C2)c1,373.40500000000014,4.041300000000002,1.0,5.0,5.301029995663981,intermediate
42,CHEMBL326220,C/C(=N\N=C(/S)N1CCN(C)CC1)c1cccc(Br)c1,355.305,2.7063000000000015,1.0,3.0,4.698970004336019,inactive
43,CHEMBL73007,CS/C(S)=N/N=C(\C)c1ccccn1,225.34200000000004,2.4544000000000006,1.0,4.0,4.698970004336019,inactive
44,CHEMBL107612,C/C(=N\N=C(\N)S)c1ccc(Nc2ccccc2)cc1,284.38800000000003,3.3987000000000016,3.0,3.0,4.698970004336019,inactive
45,CHEMBL323975,C/C(=N\N=C(\N)S)c1ccc(-c2ccccc2)cc1,269.37300000000005,3.3221000000000016,2.0,2.0,5.0,inactive
46,CHEMBL416771,C/C(=N\NC(N)=S)c1ccccn1,194.26300000000003,0.6388000000000003,2.0,3.0,4.698970004336019,inactive
47,CHEMBL325549,C/C(=N/N=C(/N)S)c1cccc(/C(C)=N/N=C(/N)S)n1,309.42400000000004,1.0186000000000002,4.0,5.0,4.698970004336019,inactive
48,CHEMBL181504,CCCC/C(=N\NC(N)=S)c1ccc(Cl)c(Cl)c1,304.246,3.720900000000001,2.0,2.0,6.2076083105017466,active
49,CHEMBL181902,N/C(S)=N/N=C(/c1ccc(Cl)c(Cl)c1)C1CCCCC1,330.2840000000002,4.522300000000002,2.0,2.0,4.853871964321762,inactive
50,CHEMBL181752,N/C(S)=N/N=C(\C=C\c1ccccc1)c1ccc(Cl)c(Cl)c1,350.2740000000001,4.655400000000002,2.0,2.0,6.327902142064283,active
51,CHEMBL183767,N/C(S)=N/N=C(\Cc1ccccc1)c1ccc(Cl)c(Cl)c1,338.26300000000003,4.184700000000002,2.0,2.0,5.075720713938118,intermediate
52,CHEMBL182795,Cc1ccc(/C(=N\N=C(\N)S)c2ccc(Cl)c(Cl)c2)cc1,338.26300000000003,4.298720000000002,2.0,2.0,5.7447274948966935,intermediate
53,CHEMBL183396,N/C(S)=N/N=C(/c1ccc(Cl)c(Cl)c1)C1CC1c1ccccc1,364.3010000000001,4.745700000000003,2.0,2.0,6.1938200260161125,active
54,CHEMBL182790,N/C(S)=N/N=C(\COc1ccccc1)c1ccc(Cl)c(Cl)c1,354.26200000000006,4.021000000000002,2.0,3.0,6.425968732272281,active
55,CHEMBL183005,N/C(S)=N/N=C(\CCc1ccccc1)c1ccc(Cl)c(Cl)c1,352.2900000000001,4.574800000000002,2.0,2.0,5.585026652029182,intermediate
56,CHEMBL195381,O=C(Nc1ccc(Cl)cc1)Nc1ccc(C(=O)/C=C/c2ccc3c(c2)OCO3)cc1,420.8520000000002,5.608800000000003,2.0,4.0,5.6020599913279625,intermediate
57,CHEMBL194821,O=C(Nc1ccc(Cl)cc1)Nc1ccc(C(=O)/C=C/c2ccc(Cl)cc2)cc1,411.2880000000001,6.533500000000004,2.0,2.0,5.585026652029182,intermediate
58,CHEMBL195822,O=C(Nc1ccc(Cl)cc1)Nc1ccc(C(=O)/C=C/c2ccc(Cl)cc2Cl)cc1,445.7330000000002,7.186900000000003,2.0,2.0,5.6020599913279625,intermediate
59,CHEMBL191640,O=C(Nc1ccc(Cl)cc1)Nc1ccc(C(=O)/C=C/c2ccc(F)cc2F)cc1,412.8230000000001,6.158300000000003,2.0,2.0,5.585026652029182,intermediate
60,CHEMBL192149,COc1cc(/C=C/C(=O)c2ccc(NC(=O)Nc3ccc(Cl)cc3)cc2)cc(OC)c1OC,466.92100000000016,5.905900000000005,2.0,5.0,5.7447274948966935,intermediate
61,CHEMBL191457,O=C(Nc1ccc(Cl)cc1)Nc1ccc(C(=O)/C=C/c2ccccc2)cc1,376.8430000000001,5.880100000000004,2.0,2.0,5.42021640338319,intermediate
62,CHEMBL373022,O=C(Nc1ccc(Cl)cc1)Nc1ccc(C(=O)/C=C/c2ccccn2)cc1,377.8310000000001,5.275100000000004,2.0,3.0,5.468521082957745,intermediate
63,CHEMBL370877,COc1ccc(NC(=O)Nc2ccc(C(=O)/C=C/c3ccccn3)cc2)cc1,373.41200000000003,4.630300000000003,2.0,4.0,4.903089986991944,inactive
64,CHEMBL191881,CC(=O)N[C@@H](CC(C)C)C(=O)N[C@@H](CC(C)C)C(=O)N[C@H](C=O)CCCNC(=N)N,426.5620000000001,0.01507000000000519,6.0,5.0,8.236572006437063,active
65,CHEMBL374508,CC(C)C[C@H](NC(=O)[C@H]1O[C@@H]1C(=O)O)C(=O)NCCCCN=C(N)N,357.4110000000002,-1.460899999999997,5.0,5.0,7.236572006437063,active
66,CHEMBL381093,O=S(=O)(NCc1ccco1)c1ccc2c(c1)Cc1cc(S(=O)(=O)NCc3ccco3)ccc1-2,484.55500000000023,3.400800000000002,2.0,6.0,5.853871964321762,intermediate
67,CHEMBL374508,CC(C)C[C@H](NC(=O)[C@H]1O[C@@H]1C(=O)O)C(=O)NCCCCN=C(N)N,357.4110000000002,-1.460899999999997,5.0,5.0,7.823908740944319,active
68,CHEMBL204973,Cc1csc(Cn2nc(CC(=O)N/N=C/c3ccccc3)c3ccccc3c2=O)n1,417.49400000000014,2.9025200000000018,1.0,7.0,4.265200170411153,inactive
69,CHEMBL204850,O=C(CSc1nnc(O)n1Cc1ccco1)c1ccc2c(c1)OCCO2,373.3900000000002,2.371200000000001,1.0,9.0,4.281498311132726,inactive
70,CHEMBL204452,N=C(CS(=O)(=O)Cc1ccc(F)cc1)NOC(=O)c1cccs1,356.4000000000001,2.1408700000000005,2.0,6.0,4.301029995663981,inactive
71,CHEMBL380140,Cc1nc(C)nc(N(CCS(=O)(=O)c2ccccc2)CCS(=O)(=O)c2ccccc2)n1,460.5810000000002,2.2426400000000006,0.0,8.0,4.87942606879415,inactive
72,CHEMBL383231,COC(=O)c1sccc1NC(=O)CC(=O)Nc1ccsc1C(=O)OC,382.41900000000015,2.3501000000000003,2.0,8.0,4.982966660701219,inactive
73,CHEMBL203856,Cn1c(O)c(/N=N/C(=O)CCCCC(=O)/N=N/c2c(O)n(C)c3ccccc23)c2ccccc21,460.49400000000014,5.562400000000005,2.0,8.0,5.187086643357144,intermediate
74,CHEMBL203823,CCCc1cc(O)nc(SCC(=O)NCCSCc2ccco2)n1,367.49600000000004,2.8694000000000015,2.0,7.0,5.337242168318426,intermediate
75,CHEMBL204344,CCCS(=O)(=O)c1cscc1NC(=O)CSCCS(=O)(=O)c1ccc(Cl)cc1,482.07000000000016,3.730800000000003,1.0,7.0,5.468521082957745,intermediate
76,CHEMBL203802,Cc1ccc(S(=O)(=O)N(C)C)cc1NS(=O)(=O)c1ccc(-c2ccon2)s1,427.52900000000017,2.762620000000001,1.0,7.0,5.5376020021010435,intermediate
77,CHEMBL203801,Cc1cccc(NC(=O)Cn2c(O)c(/N=N/C(=O)C(=O)NCc3ccccc3)c3ccccc32)c1,469.5010000000002,4.220720000000003,3.0,6.0,5.795880017344075,intermediate
78,CHEMBL382027,O=S(=O)(Cc1ccc(Cl)cc1)Cc1nc(-c2ccsc2)no1,354.84000000000003,3.5665000000000022,0.0,6.0,4.320572103387881,inactive
79,CHEMBL379228,Cc1ccc(S(=O)(=O)NC(=O)NCC2CCN(S(=O)(=O)c3ccccc3)CC2)cc1,451.57000000000016,2.08382,2.0,5.0,4.721246399047171,inactive
80,CHEMBL204491,O=C(CCSSCCC(=O)NCc1ccccc1)NCc1ccccc1,388.55800000000005,3.780800000000003,2.0,4.0,4.815308569182401,inactive
81,CHEMBL205056,COC(=O)c1ccsc1NC(=O)CN1CCN(S(=O)(=O)c2ccc(Cl)cc2)CC1,457.9610000000001,2.1330999999999998,1.0,7.0,4.844663962534939,inactive
82,CHEMBL440764,CCOC(=O)c1c2cc(OCC(=O)NCc3ccco3)ccc2n2ccccc12,392.41100000000006,3.557400000000002,1.0,6.0,4.860120913598763,inactive
83,CHEMBL204035,O=C(Cn1nnc(-c2ccccc2)n1)NN/C=N\OCc1c(F)cccc1Cl,403.8050000000002,1.9134999999999998,2.0,7.0,4.966576244513051,inactive
84,CHEMBL203649,O=S(=O)(c1ccc(-c2ccc(S(=O)(=O)N3CCOCC3)s2)s1)N1CCOCC1,464.61200000000036,1.5184000000000002,0.0,8.0,5.267606240177032,intermediate
85,CHEMBL377557,O=C(CN1C(=O)[C@@H](COC(=O)Nc2ccccc2)N=C(c2ccccc2)c2ccccc21)N[C@H]1CC(=O)OC1O,542.5480000000003,2.238,3.0,8.0,4.666754301038037,inactive
86,CHEMBL423112,CC(C)[C@H](NC(=O)OCc1ccccc1)C(=O)NC(C=O)Cc1ccccc1,382.4600000000001,2.8638000000000012,2.0,4.0,5.301029995663981,intermediate
87,CHEMBL210211,O=C(CN1C(=O)[C@H](COC(=O)Nc2ccc(Cl)cc2C(F)(F)F)N=C(c2ccccc2)c2ccccc21)N[C@H]1CC(=O)OC1O,644.9900000000001,3.910200000000003,3.0,8.0,4.987584625237567,inactive
88,CHEMBL378223,O=C(CN1C(=O)[C@@H](COC(=O)Nc2ccc(Cl)cc2C(F)(F)F)N=C(c2ccccc2)c2ccccc21)N[C@H]1CC(=O)OC1O,644.9900000000001,3.910200000000003,3.0,8.0,5.061480274823508,intermediate
89,CHEMBL209147,Cc1cc(Cl)ccc1NC(=O)OC[C@H]1N=C(c2ccccc2)c2ccccc2N(CC(=O)N[C@H]2CC(=O)OC2O)C1=O,591.0200000000003,3.199820000000002,3.0,8.0,5.0835460514500745,intermediate
90,CHEMBL437308,O=C(CN1C(=O)[C@@H](COC(=O)Nc2c(F)cc(F)cc2Br)N=C(c2ccccc2)c2ccccc21)N[C@H]1CC(=O)OC1O,657.4240000000001,3.278700000000001,3.0,8.0,4.717831221695358,inactive
91,CHEMBL382121,O=C(CN1C(=O)[C@@H](COC(=O)Nc2ccc(F)cc2F)N=C(c2ccccc2)c2ccccc21)N[C@H]1CC(=O)OC1O,578.5280000000002,2.516200000000001,3.0,8.0,4.869344650977969,inactive
92,CHEMBL378475,O=C(CN1C(=O)[C@@H](COC(=O)Nc2ccc(F)cc2)N=C(c2ccccc2)c2ccccc21)N[C@H]1CC(=O)OC1O,560.5380000000002,2.377100000000001,3.0,8.0,4.786747947803604,inactive
93,CHEMBL207102,O=C(CN1C(=O)[C@@H](COC(=O)Nc2ccc(Cl)cc2)N=C(c2ccccc2)c2ccccc21)N[C@H]1CC(=O)OC1O,576.9930000000003,2.8914000000000013,3.0,8.0,4.822752163744377,inactive
94,CHEMBL207117,COc1ccc(NC(=O)OC[C@H]2N=C(c3ccccc3)c3ccccc3N(CC(=O)N[C@H]3CC(=O)OC3O)C2=O)cc1,572.5740000000003,2.246599999999999,3.0,9.0,5.056011124926228,intermediate
95,CHEMBL377886,O=C(CN1C(=O)[C@@H](COC(=O)Nc2cccc3ccccc23)N=C(c2ccccc2)c2ccccc21)N[C@H]1CC(=O)OC1O,592.6080000000002,3.3912000000000018,3.0,8.0,4.95116991347165,inactive
96,CHEMBL379633,CC(C)C[C@H](NC(=O)N1CCOCC1)C(=O)N[C@H](/C=C1/CCCN(Cc2ccccc2)S1(=O)=O)Cc1ccccc1,582.7670000000003,3.680100000000004,2.0,5.0,4.627087997029894,inactive
97,CHEMBL211516,CC(C)C[C@H](NC(=O)N1CCOCC1)C(=O)N[C@H](/C=C1\CCCN(Cc2ccccc2)S1(=O)=O)Cc1ccccc1,582.7670000000003,3.680100000000004,2.0,5.0,4.863279432843593,inactive
98,CHEMBL379148,CC(C)C[C@H](NC(=O)N1CCOCC1)C(=O)N[C@H](/C=C1\CCCN(c2ccccc2)S1(=O)=O)Cc1ccccc1,568.7400000000004,3.6845000000000026,2.0,5.0,4.503070351926785,inactive
99,CHEMBL213961,CC(C)C[C@H](NC(=O)N1CCOCC1)C(=O)N[C@H](/C=C1\CCN(Cc2ccccc2)S1(=O)=O)Cc1ccccc1,568.7400000000004,3.2900000000000036,2.0,5.0,4.315154638355588,inactive
100,CHEMBL213827,CC(=O)N[C@@H](Cc1ccccc1)C(=O)N[C@H](/C=C1\CCCN(c2ccccc2)S1(=O)=O)Cc1ccccc1,531.6780000000003,3.975400000000003,2.0,4.0,4.576754126063192,inactive
101,CHEMBL224801,O=C(O)c1ccccc1N/N=C/c1ccc(/C=N/Nc2ccccc2C(=O)O)cc1,402.41000000000014,3.9750000000000014,4.0,6.0,6.0,active
102,CHEMBL222709,O=C(Nc1cccc(O)c1)c1cccc(S(=O)(=O)Nc2cccc(O)c2)c1,384.41300000000007,3.150900000000001,4.0,5.0,4.301029995663981,inactive
103,CHEMBL221471,OC[C@@H](O)/C=N/Nc1nc(Nc2ccccc2)nc(Nc2ccccc2)n1,365.3970000000001,2.1097,5.0,9.0,4.301029995663981,inactive
104,CHEMBL222708,O=C(CSc1ccc2ccccc2n1)N/N=C/c1ccc(O)cc1O,353.40300000000013,2.888400000000001,3.0,6.0,4.1979107421182675,inactive
105,CHEMBL222707,CCCc1cc(O)nc(SCC(=O)Nc2ccccc2)n1,303.387,2.865500000000001,2.0,5.0,4.2225731776106885,inactive
106,CHEMBL222706,OC[C@H](O)/C=N/Nc1nc(Nc2ccccc2)nc(N2CCCCC2)n1,357.4180000000003,1.3563999999999998,4.0,9.0,4.262807357295262,inactive
107,CHEMBL376232,CCOP(=O)(CC(=O)NNC(=O)Nc1cccc2ccccc12)OCC,379.3530000000002,3.2586000000000013,3.0,5.0,4.272458742971444,inactive
108,CHEMBL224916,O=C(Cc1nnc(NC(=O)c2ccccc2)s1)N/N=C\c1ccc(O)c(O)c1,397.4160000000001,1.8943999999999999,4.0,8.0,4.507239610973162,inactive
109,CHEMBL224915,O=C(Cn1nnc(-c2ccccc2)n1)N/N=C1\C(=O)Nc2ccccc21,347.3380000000001,0.8126999999999993,2.0,7.0,4.5638373529592435,inactive
110,CHEMBL222270,O=C(CNC(=O)[C@@H]1COc2ccccc2O1)N/N=C/c1cccs1,345.38000000000005,1.1543999999999996,2.0,6.0,4.575118363368933,inactive
111,CHEMBL373909,Oc1ccc(Nc2nc(-c3cccnc3)cs2)cc1,269.32900000000006,3.654300000000001,2.0,5.0,4.647817481888637,inactive
112,CHEMBL374367,Oc1ccc(/C=N/CC/N=C/c2ccc(O)cc2O)c(O)c1,300.314,2.0470000000000006,4.0,6.0,4.681936665037238,inactive
113,CHEMBL374510,N#CCC(=O)N/N=C\c1ccc(OCC(=O)Nc2ccc(F)cc2)cc1,354.341,2.2069799999999997,2.0,5.0,5.2441251443275085,intermediate
114,CHEMBL426564,O=C(CN1C(=O)/C(=N\NC(=O)c2ccncc2)c2ccccc21)Nc1ccccc1,399.4100000000001,2.2009999999999996,2.0,5.0,4.388276691992658,inactive
115,CHEMBL224858,CCCS(=O)(=O)N1CCN(S(=O)(=O)c2ccc3ccccc3c2)CC1,382.5070000000001,1.8858999999999997,0.0,4.0,4.906578314837765,inactive
116,CHEMBL224803,O=C(CSc1nnnn1-c1ccccc1)Nc1ccc(-n2cnnn2)cc1,379.4090000000001,1.3687999999999998,1.0,10.0,5.1249387366083,intermediate
117,CHEMBL221833,Cc1cccc(NC(=O)CCC(=O)N/N=C/c2cc(Cl)ccc2O)c1,359.8130000000001,3.223020000000001,3.0,4.0,5.1249387366083,intermediate
118,CHEMBL438659,O=C(N/N=C/c1ccccc1O)c1cccc(C(=O)N/N=C/c2ccccc2O)n1,403.398,2.0206000000000004,4.0,7.0,5.154901959985743,intermediate
119,CHEMBL221991,O=C(NCc1ccc(/C=c2/sc3n(c2=O)CCN=3)o1)C(=O)Nc1ccccc1,396.42800000000005,0.21969999999999984,2.0,7.0,5.207608310501746,intermediate
120,CHEMBL436500,COC(=O)c1ccccc1NC(=O)COC(=O)CSc1nc(C)cc(C)n1,389.43300000000005,2.15404,1.0,8.0,5.207608310501746,intermediate
121,CHEMBL222325,Oc1cccc(/C=N\c2cccc3c(/N=C/c4cccc(O)c4O)cccc23)c1O,398.4180000000001,5.1634000000000055,4.0,6.0,5.337242168318426,intermediate
122,CHEMBL222322,C/C(=N\NS(=O)(=O)c1ccc(C)cc1)c1c(O)c2ccccc2oc1=O,372.4020000000001,2.509520000000001,2.0,6.0,5.4089353929735005,intermediate
123,CHEMBL222871,O=C(N/N=C/c1ccc(/C=N/NC(=O)c2ccccc2O)cc1)c1ccccc1O,402.4100000000001,2.6256000000000017,4.0,6.0,5.657577319177793,intermediate
124,CHEMBL222870,Oc1ccc(/C=N/c2ccc(/N=C/c3ccc(O)cc3O)c(Cl)c2)c(O)c1,382.8030000000001,4.663600000000005,4.0,6.0,5.6777807052660805,intermediate
125,CHEMBL374508,CC(C)C[C@H](NC(=O)[C@H]1O[C@@H]1C(=O)O)C(=O)NCCCCN=C(N)N,357.4110000000002,-1.460899999999997,5.0,5.0,7.823908740944319,active
126,CHEMBL224891,CCN(CC)Cc1c(O)ccc(C=O)c1O,223.272,1.7521,2.0,4.0,4.698970004336019,inactive
127,CHEMBL224258,O=Cc1ccc(O)c(CN2CCN(c3ccnc4cc(Cl)ccc34)CC2)c1O,397.86200000000014,3.434100000000003,2.0,6.0,4.698970004336019,inactive
128,CHEMBL387974,CN1CCN(Cc2c(O)ccc(C=O)c2O)CC1,250.29799999999997,0.6577,2.0,5.0,4.698970004336019,inactive
129,CHEMBL225644,O=Cc1ccc(O)c(CN2CCOCC2)c1O,237.2549999999999,0.7424999999999999,2.0,5.0,4.698970004336019,inactive
130,CHEMBL225592,O=Cc1ccc(O)c(CN2CCCCC2)c1O,235.2829999999999,1.8961999999999999,2.0,4.0,4.698970004336019,inactive
131,CHEMBL388317,O=Cc1ccc(O)c(CN2CCCC2)c1O,221.25599999999991,1.5061,2.0,4.0,4.698970004336019,inactive
132,CHEMBL427253,NC(=S)N/N=C/c1ccc(O)c(CN2CCOCC2)c1O,310.3790000000001,0.09710000000000002,4.0,6.0,4.698970004336019,inactive
133,CHEMBL388101,Cc1c(O)ccc(/C=N/NC(N)=S)c1O,225.273,0.5733199999999998,4.0,4.0,4.698970004336019,inactive
134,CHEMBL224260,NC(=O)N/N=C/c1ccc(O)c(CN2CCN(c3ccnc4cc(Cl)ccc34)CC2)c1O,454.9180000000002,2.6238000000000006,4.0,7.0,4.698970004336019,inactive
135,CHEMBL387860,CN1CCN(Cc2c(O)ccc(/C=N/NC(=O)NCCNc3ccnc4cc(Cl)ccc34)c2O)CC1,512.0140000000002,2.7920000000000007,5.0,8.0,4.698970004336019,inactive
136,CHEMBL389869,O=C(NCCNc1ccnc2cc(Cl)ccc12)N/N=C/c1ccc(O)c(CN2CCOCC2)c1O,498.97100000000034,2.8768000000000016,5.0,8.0,4.698970004336019,inactive
137,CHEMBL225323,CCN(CC)Cc1c(O)ccc(/C=N/NC(N)=S)c1O,296.396,1.1066999999999998,4.0,5.0,4.955852379121277,inactive
138,CHEMBL224893,NC(=S)N/N=C/c1ccc(O)c(CN2CCCC2)c1O,294.38,0.8607000000000002,4.0,5.0,5.232844133917819,intermediate
139,CHEMBL225646,NC(=S)N/N=C/c1ccc(O)c(CN2CCCCC2)c1O,308.40700000000004,1.2508000000000001,4.0,5.0,5.42021640338319,intermediate
140,CHEMBL225184,CN1CCN(Cc2c(O)ccc(/C=N/NC(N)=S)c2O)CC1,323.42200000000014,0.012299999999999922,4.0,6.0,4.739451627363021,inactive
141,CHEMBL224312,NC(=S)N/N=C/c1ccc(O)c(CN2CCN(c3ccnc4cc(Cl)ccc34)CC2)c1O,470.98600000000016,2.788700000000001,4.0,7.0,5.647817481888637,intermediate
142,CHEMBL225449,CCN(CC)Cc1c(O)ccc(/C=N/NC(=O)NCCNc2ccnc3cc(Cl)ccc23)c1O,484.9880000000002,3.8864000000000014,5.0,7.0,5.585026652029182,intermediate
143,CHEMBL223654,O=C(NCCNc1ccnc2cc(Cl)ccc12)N/N=C/c1ccc(O)c(CN2CCCC2)c1O,482.9720000000003,3.6404000000000027,5.0,7.0,6.142667503568731,active
144,CHEMBL434743,O=C(NCCNc1ccnc2cc(Cl)ccc12)N/N=C/c1ccc(O)c(CN2CCCCC2)c1O,496.99900000000036,4.0305000000000035,5.0,7.0,6.200659450546418,active
145,CHEMBL224025,O=C(NCCNc1ccnc2cc(Cl)ccc12)N/N=C/c1ccc(O)c(CN2CCN(c3ccnc4cc(Cl)ccc34)CC2)c1O,659.5780000000001,5.568400000000005,5.0,9.0,5.5003129173815966,intermediate
146,CHEMBL398828,C/C(CC(=O)c1ccc(Cl)c(Cl)c1)=N\NC(=S)NCCCNc1ccnc2cc(Cl)ccc12,522.8890000000002,6.110000000000004,3.0,5.0,4.698970004336019,inactive
147,CHEMBL250154,C/C(CC(=O)c1ccc(Cl)c(Cl)c1)=N\NC(=S)NCCNc1ccnc2cc(Cl)ccc12,508.86200000000025,5.7199000000000035,3.0,5.0,5.354970935278858,intermediate
148,CHEMBL250155,C/C(CC(=O)c1ccc(Br)cc1)=N\NC(=S)NCCNc1ccnc2cc(Cl)ccc12,518.8680000000002,5.175600000000004,3.0,5.0,4.888334304060481,inactive
149,CHEMBL399032,C/C(CC(=O)c1ccc(Br)cc1)=N\NC(=S)NCCCNc1ccnc2cc(Cl)ccc12,532.8950000000002,5.565700000000004,3.0,5.0,4.698970004336019,inactive
150,CHEMBL378223,O=C(CN1C(=O)[C@@H](COC(=O)Nc2ccc(Cl)cc2C(F)(F)F)N=C(c2ccccc2)c2ccccc21)N[C@H]1CC(=O)OC1O,644.9900000000001,3.910200000000003,3.0,8.0,5.096910013008056,intermediate
151,CHEMBL272015,CS(=O)(=O)/C=C/[C@H](CCc1ccccc1)NC(=O)CN1C(=O)[C@@H](COC(=O)Nc2ccc(Cl)cc2C(F)(F)F)N=C(c2ccccc2)c2ccccc21,767.2260000000002,6.836000000000006,2.0,7.0,5.096910013008056,intermediate
152,CHEMBL403991,CCS(=O)(=O)/C=C/[C@H](CCc1ccccc1)NC(=O)CN1C(=O)[C@@H](COC(=O)Nc2ccc(Cl)cc2C(F)(F)F)N=C(c2ccccc2)c2ccccc21,781.2530000000003,7.226100000000006,2.0,7.0,5.096910013008056,intermediate
153,CHEMBL402455,O=C(CN1C(=O)[C@@H](COC(=O)Nc2ccc(Cl)cc2C(F)(F)F)N=C(c2ccccc2)c2ccccc21)N[C@H](/C=C/S(=O)(=O)c1ccccc1)CCc1ccccc1,829.297,8.265300000000007,2.0,7.0,5.096910013008056,intermediate
154,CHEMBL405741,COc1ccc(S(=O)(=O)/C=C/[C@H](CCc2ccccc2)NC(=O)CN2C(=O)[C@@H](COC(=O)Nc3ccc(Cl)cc3C(F)(F)F)N=C(c3ccccc3)c3ccccc32)cc1,859.3230000000002,8.273900000000005,2.0,8.0,5.096910013008056,intermediate
155,CHEMBL407354,CS(=O)(=O)/C=C/CNC(=O)CN1C(=O)[C@@H](COC(=O)Nc2ccc(Cl)cc2C(F)(F)F)N=C(c2ccccc2)c2ccccc21,663.0740000000002,4.8346000000000044,2.0,7.0,5.096910013008056,intermediate
156,CHEMBL270278,CCS(=O)(=O)/C=C/CNC(=O)CN1C(=O)[C@@H](COC(=O)Nc2ccc(Cl)cc2C(F)(F)F)N=C(c2ccccc2)c2ccccc21,677.1010000000001,5.224700000000006,2.0,7.0,5.096910013008056,intermediate
157,CHEMBL408071,O=C(CN1C(=O)[C@@H](COC(=O)Nc2ccc(Cl)cc2C(F)(F)F)N=C(c2ccccc2)c2ccccc21)NC/C=C/S(=O)(=O)c1ccccc1,725.1450000000001,6.263900000000006,2.0,7.0,5.096910013008056,intermediate
158,CHEMBL271992,COc1ccc(S(=O)(=O)/C=C/CNC(=O)CN2C(=O)C(COC(=O)Nc3ccc(Cl)cc3C(F)(F)F)N=C(c3ccccc3)c3ccccc32)cc1,755.1710000000002,6.272500000000006,2.0,8.0,5.096910013008056,intermediate
159,CHEMBL488829,O=C[C@H](CCc1ccccc1)n1cccc(NC(=O)OCc2ccccc2)c1=O,390.4390000000002,3.969800000000003,1.0,5.0,4.962573502059376,inactive
160,CHEMBL486232,CC(C)C[C@H](NC(=O)N1CCOCC1)C(=O)N[C@H](/C=C/S(=O)(=O)c1ccccc1)CCc1ccccc1,527.6870000000002,3.5481000000000025,2.0,5.0,8.698970004336019,active
161,CHEMBL487275,COC(=O)/C=C/[C@H](CCc1ccccc1)n1cccc(NC(=O)OCc2ccccc2)c1=O,446.50300000000027,4.500100000000003,1.0,6.0,4.721246399047171,inactive
162,CHEMBL374508,CC(C)C[C@H](NC(=O)[C@H]1O[C@@H]1C(=O)O)C(=O)NCCCCN=C(N)N,357.4110000000002,-1.460899999999997,5.0,5.0,7.327902142064283,active
163,CHEMBL592303,C#CCOc1ccc(C(=O)/C=C/c2ccc(OC)c(OC)c2OC)cc1,352.3860000000001,3.6205000000000025,0.0,5.0,4.0,inactive
164,CHEMBL592268,C#CCOc1ccc(C(=O)/C=C/c2ccc(OC)cc2OC)cc1,322.36000000000007,3.611900000000002,0.0,4.0,4.0,inactive
165,CHEMBL606235,C#CCOc1ccc(C(=O)/C=C/c2ccc(OC)cc2)cc1,292.334,3.6033000000000026,0.0,3.0,4.0,inactive
166,CHEMBL589904,C#CCOc1cccc(C(=O)/C=C/c2ccc(OC)c(OC)c2OC)c1,352.3860000000001,3.6205000000000025,0.0,5.0,4.0,inactive
167,CHEMBL589903,C#CCOc1cccc(C(=O)/C=C/c2ccc(OC)cc2OC)c1,322.36,3.611900000000002,0.0,4.0,4.0,inactive
168,CHEMBL596611,C#CCOc1cccc(C(=O)/C=C/c2ccc(OC)cc2)c1,292.33399999999995,3.6033000000000026,0.0,3.0,4.0,inactive
169,CHEMBL596610,C#CCOc1ccccc1C(=O)/C=C/c1ccc(OC)c(OC)c1OC,352.38600000000014,3.6205000000000025,0.0,5.0,4.0,inactive
170,CHEMBL597220,C#CCOc1ccccc1C(=O)/C=C/c1ccc(OC)cc1OC,322.36000000000007,3.611900000000002,0.0,4.0,4.0,inactive
171,CHEMBL597219,C#CCOc1ccccc1C(=O)/C=C/c1ccc(OC)cc1,292.334,3.6033000000000026,0.0,3.0,4.0,inactive
172,CHEMBL597017,C#CCOc1ccc(/C=C/C(=O)c2ccc(OC)c(OC)c2OC)cc1,352.3860000000001,3.6205000000000025,0.0,5.0,4.0,inactive
173,CHEMBL602103,C#CCOc1ccc(/C=C/C(=O)c2ccc(OC)cc2OC)cc1,322.36,3.611900000000002,0.0,4.0,4.0,inactive
174,CHEMBL589510,C#CCOc1ccc(/C=C/C(=O)c2ccc(OC)cc2)cc1,292.33399999999995,3.6033000000000026,0.0,3.0,4.0,inactive
175,CHEMBL597626,C#CCOc1cccc(/C=C/C(=O)c2ccc(OC)c(OC)c2OC)c1,352.3860000000001,3.6205000000000025,0.0,5.0,4.721246399047171,inactive
176,CHEMBL597625,C#CCOc1cccc(/C=C/C(=O)c2ccc(OC)cc2OC)c1,322.36,3.611900000000002,0.0,4.0,4.0,inactive
177,CHEMBL597624,C#CCOc1cccc(/C=C/C(=O)c2ccc(OC)cc2)c1,292.33399999999995,3.6033000000000026,0.0,3.0,4.0,inactive
178,CHEMBL597896,C#CCOc1ccccc1/C=C/C(=O)c1ccc(OC)c(OC)c1OC,352.38600000000014,3.6205000000000025,0.0,5.0,4.0,inactive
179,CHEMBL589509,C#CCOc1ccccc1/C=C/C(=O)c1ccc(OC)cc1OC,322.36000000000007,3.611900000000002,0.0,4.0,4.0,inactive
180,CHEMBL597892,C#CCOc1ccccc1/C=C/C(=O)c1ccc(OC)cc1,292.334,3.6033000000000017,0.0,3.0,4.0,inactive
181,CHEMBL191881,CC(=O)N[C@@H](CC(C)C)C(=O)N[C@@H](CC(C)C)C(=O)N[C@H](C=O)CCCNC(=N)N,426.5620000000001,0.01507000000000519,6.0,5.0,7.060480747381382,active
182,CHEMBL191881,CC(=O)N[C@@H](CC(C)C)C(=O)N[C@@H](CC(C)C)C(=O)N[C@H](C=O)CCCNC(=N)N,426.5620000000001,0.01507000000000519,6.0,5.0,7.008773924307505,active
183,CHEMBL1689606,CC(C)CCNC(=O)[C@H](CC(C)C)NC=C1C(=O)Nc2c(Cl)cccc21,377.916,3.7996000000000025,3.0,3.0,4.375717904164332,inactive
184,CHEMBL1689610,CC(C)CCNC(=O)[C@H](Cc1ccccc1)NC=C1C(=O)Nc2ccc(Cl)cc21,411.93300000000016,3.9962000000000026,3.0,3.0,4.363512103646634,inactive
185,CHEMBL1689611,CC(C)CCNC(=O)[C@H](CCc1ccccc1)NC=C1C(=O)Nc2c(Cl)cccc21,425.9600000000001,4.386300000000003,3.0,3.0,4.356547323513812,inactive
186,CHEMBL1689604,CC(C)CCNC(=O)[C@H](CC(C)C)NC=C1C(=O)Nc2ccc(Cl)cc21,377.916,3.7996000000000016,3.0,3.0,4.355561410532162,inactive
187,CHEMBL1689605,CC(C)CCNC(=O)[C@H](CC(C)C)NC=C1C(=O)Nc2cc(Cl)ccc21,377.916,3.7996000000000016,3.0,3.0,4.314258261397736,inactive
188,CHEMBL1689609,CC(C)CCNC(=O)[C@H](CCc1ccccc1)NC=C1C(=O)Nc2ccccc21,391.5150000000001,3.7329000000000017,3.0,3.0,4.30189945437661,inactive
189,CHEMBL374508,CC(C)C[C@H](NC(=O)[C@H]1O[C@@H]1C(=O)O)C(=O)NCCCCN=C(N)N,357.4110000000002,-1.460899999999997,5.0,5.0,6.951946826884391,active
190,CHEMBL1689595,CN(C)C=C1C(=O)Nc2ccccc21,188.23000000000002,1.5412000000000001,1.0,2.0,4.301029995663981,inactive
191,CHEMBL1689596,CN(C)C=C1C(=O)Nc2ccc(Cl)cc21,222.675,2.1946000000000003,1.0,2.0,4.301029995663981,inactive
192,CHEMBL1689597,CN(C)C=C1C(=O)Nc2cc(Cl)ccc21,222.675,2.1946000000000003,1.0,2.0,4.301029995663981,inactive
193,CHEMBL1689598,CN(C)C=C1C(=O)Nc2c(Cl)cccc21,222.675,2.1946000000000003,1.0,2.0,4.301029995663981,inactive
194,CHEMBL1689599,CN(C)C=C1C(=O)N(C)c2ccccc21,202.257,1.5655000000000001,0.0,2.0,4.301029995663981,inactive
195,CHEMBL1689600,O=C1Nc2ccccc2C1=CSCc1ccccc1,267.35299999999995,3.913000000000002,1.0,2.0,4.301029995663981,inactive
196,CHEMBL1689601,O=C1Nc2ccccc2C1=CNc1ccccc1,236.274,3.0917000000000012,2.0,2.0,4.301029995663981,inactive
197,CHEMBL1689594,CCOC(=O)CNC=C1C(=O)Nc2ccccc21,246.26600000000002,1.1322999999999996,2.0,4.0,4.301029995663981,inactive
198,CHEMBL1689602,CCOC(=O)[C@H](Cc1ccccc1)NC=C1C(=O)Nc2ccccc21,336.3910000000001,2.7436000000000007,2.0,4.0,4.301029995663981,inactive
199,CHEMBL1689603,CC(C)CCNC(=O)[C@H](CC(C)C)NC=C1C(=O)Nc2ccccc21,343.471,3.1462000000000003,3.0,3.0,4.301029995663981,inactive
200,CHEMBL1689607,CC(C)CCNC(=O)[C@H](CC(C)C)NC=C1C(=O)N(C)c2ccccc21,357.49800000000005,3.1705000000000014,2.0,3.0,4.301029995663981,inactive
201,CHEMBL1689608,CC(C)CCNC(=O)CNC=C1C(=O)Nc2ccccc21,287.36300000000006,1.7314999999999996,3.0,3.0,4.301029995663981,inactive
202,CHEMBL1687962,O=C1Nc2ccccc2C1=CNCCCNc1ccnc2cc(Cl)ccc12,378.863,4.273000000000002,3.0,4.0,4.301029995663981,inactive
203,CHEMBL1689612,O=C1Nc2ccc(Cl)cc2C1=CNCCCNc1ccnc2cc(Cl)ccc12,413.30800000000005,4.926400000000003,3.0,4.0,4.301029995663981,inactive
204,CHEMBL1689613,O=C1Nc2cc(Cl)ccc2C1=CNCCCNc1ccnc2cc(Cl)ccc12,413.30800000000005,4.926400000000003,3.0,4.0,4.301029995663981,inactive
205,CHEMBL1689614,O=C1Nc2c(Cl)cccc2C1=CNCCCNc1ccnc2cc(Cl)ccc12,413.30800000000005,4.926400000000003,3.0,4.0,4.301029995663981,inactive
206,CHEMBL1689615,CN1C(=O)C(=CNCCCNc2ccnc3cc(Cl)ccc23)c2ccccc21,392.89000000000016,4.297300000000003,2.0,4.0,4.301029995663981,inactive
207,CHEMBL374508,CC(C)C[C@H](NC(=O)[C@H]1O[C@@H]1C(=O)O)C(=O)NCCCCN=C(N)N,357.4110000000002,-1.460899999999997,5.0,5.0,7.698970004336019,active
208,CHEMBL2235041,Cc1ccc2nc(C)cc(N/N=C/c3ccc(O[C@H]4O[C@@H]5O[C@@]6(C)CC[C@H]7[C@H](C)CC[C@@H]([C@H]4C)[C@@]57OO6)cc3)c2c1,557.6910000000005,6.884440000000007,1.0,8.0,6.107905397309519,active
209,CHEMBL2235040,Cc1cc(N/N=C/c2ccc(O[C@H]3O[C@@H]4O[C@@]5(C)CC[C@H]6[C@H](C)CC[C@@H]([C@H]3C)[C@@]46OO5)cc2)c2ccc(C)c(C)c2n1,571.7180000000002,7.1928600000000085,1.0,8.0,6.075720713938118,active
210,CHEMBL2235039,Cc1cc(N/N=C/c2ccc(O[C@H]3O[C@@H]4O[C@@]5(C)CC[C@H]6[C@H](C)CC[C@@H]([C@H]3C)[C@@]46OO5)cc2)c2ccc(Cl)cc2n1,578.1090000000003,7.229420000000007,1.0,8.0,6.769551078621726,active
211,CHEMBL2235038,Cc1cc(N/N=C/c2ccc(O[C@H]3O[C@@H]4O[C@@]5(C)CC[C@H]6[C@H](C)CC[C@@H]([C@H]3C)[C@@]46OO5)cc2)c2cc(Br)ccc2n1,622.5600000000003,7.338520000000007,1.0,8.0,6.585026652029182,active
212,CHEMBL2235037,COc1ccc2nc(C)cc(N/N=C/c3ccc(O[C@H]4O[C@@H]5O[C@@]6(C)CC[C@H]7[C@H](C)CC[C@@H]([C@H]4C)[C@@]57OO6)cc3)c2c1,573.6900000000004,6.584620000000007,1.0,9.0,6.5376020021010435,active
213,CHEMBL2235036,Cc1cc(N/N=C/c2ccc(O[C@H]3O[C@@H]4O[C@@]5(C)CC[C@H]6[C@H](C)CC[C@@H]([C@H]3C)[C@@]46OO5)cc2)c2ccccc2n1,543.6640000000003,6.576020000000007,1.0,8.0,6.050609993355087,active
214,CHEMBL2235035,Cc1cc(N/N=C/c2ccc(O[C@H]3O[C@@H]4O[C@@]5(C)CC[C@H]6[C@H](C)CC[C@@H]([C@H]3C)[C@@]46OO5)cc2)c2cc(F)ccc2n1,561.6540000000003,6.715120000000008,1.0,8.0,6.173925197299173,active
215,CHEMBL2235034,Cc1cc(N/N=C/c2ccc(O[C@H]3O[C@@H]4O[C@@]5(C)CC[C@H]6[C@H](C)CC[C@@H]([C@H]3C)[C@@]46OO5)cc2)c2cccc(F)c2n1,561.6540000000003,6.715120000000007,1.0,8.0,6.552841968657781,active
216,CHEMBL2235033,CCc1cccc2c(N/N=C/c3ccc(O[C@H]4O[C@@H]5O[C@@]6(C)CC[C@H]7[C@H](C)CC[C@@H]([C@H]4C)[C@@]57OO6)cc3)cc(C)nc12,571.7180000000003,7.138420000000008,1.0,8.0,6.2839966563652006,active
217,CHEMBL2235032,Cc1cc(N/N=C/c2ccc(O[C@H]3O[C@@H]4O[C@@]5(C)CC[C@H]6[C@H](C)CC[C@@H]([C@H]3C)[C@@]46OO5)cc2)c2c(Cl)ccc(C)c2n1,592.1360000000002,7.537840000000008,1.0,8.0,6.4089353929735005,active
218,CHEMBL2235031,Cc1cc(N/N=C/c2ccc(O[C@H]3O[C@@H]4O[C@@]5(C)CC[C@H]6[C@H](C)CC[C@@H]([C@H]3C)[C@@]46OO5)cc2)c2cc(Cl)ccc2n1,578.1090000000003,7.229420000000007,1.0,8.0,6.823908740944319,active
219,CHEMBL2235030,Cc1cc(N/N=C/c2ccc(O[C@H]3O[C@@H]4O[C@@]5(C)CC[C@H]6[C@H](C)CC[C@@H]([C@H]3C)[C@@]46OO5)cc2)c2ccc(Cl)c(C)c2n1,592.1360000000002,7.537840000000008,1.0,8.0,6.6777807052660805,active
220,CHEMBL2235029,Cc1cc(N/N=C/c2ccc(O[C@H]3O[C@@H]4O[C@@]5(C)CC[C@H]6[C@H](C)CC[C@@H]([C@H]3C)[C@@]46OO5)cc2)c2cccc(C)c2n1,557.6910000000003,6.884440000000008,1.0,8.0,5.642065152999546,intermediate
221,CHEMBL2235028,Cc1cc(N/N=C/c2ccc(O[C@H]3O[C@@H]4O[C@@]5(C)CC[C@H]6[C@H](C)CC[C@@H]([C@H]3C)[C@@]46OO5)cc2)c2cccc(Br)c2n1,622.5600000000003,7.338520000000007,1.0,8.0,6.075720713938118,active
222,CHEMBL2260636,CC(=O)OCc1nc(CCC(=O)CSCCCc2ccccc2)sc1CCc1ccccc1,481.68300000000016,5.859100000000007,0.0,6.0,4.301029995663981,inactive
223,CHEMBL2260635,O=C(CCc1nc(CO)c(CCc2ccccc2)s1)CSCCCc1ccccc1,439.64600000000024,5.288300000000005,1.0,5.0,4.301029995663981,inactive
224,CHEMBL2260634,NC(=O)CCc1sc(NC(=O)CSCCCc2ccccc2)nc1/C=C/c1ccccc1,465.6440000000001,5.035900000000004,2.0,5.0,4.2580609222708015,inactive
225,CHEMBL2260632,CC(=O)NCCCc1sc(CCC(=O)CSCCCc2ccccc2)nc1CCc1ccccc1,508.75300000000027,5.864700000000006,1.0,5.0,4.301029995663981,inactive
226,CHEMBL2260631,NC(=O)CCc1sc(CCC(=O)CSCCCc2ccccc2)nc1CCc1ccccc1,480.69900000000024,5.213900000000005,1.0,5.0,4.301029995663981,inactive
227,CHEMBL2260630,O=CCCc1sc(CCC(=O)CSCCCc2ccccc2)nc1CCc1ccccc1,465.6840000000002,5.927500000000006,0.0,5.0,4.301029995663981,inactive
228,CHEMBL2260629,O=C(CCc1nc(CCc2ccccc2)c(CCCO)s1)CSCCCc1ccccc1,467.7000000000002,5.720900000000007,1.0,5.0,4.301029995663981,inactive
229,CHEMBL2260628,O=C(/C=C/c1nc(CCc2ccccc2)c(CCCO)s1)CSCCCc1ccccc1,465.68400000000025,5.801500000000007,1.0,5.0,4.531652669587842,inactive
230,CHEMBL2260636,CC(=O)OCc1nc(CCC(=O)CSCCCc2ccccc2)sc1CCc1ccccc1,481.68300000000016,5.859100000000007,0.0,6.0,4.481486060122112,inactive
231,CHEMBL2260635,O=C(CCc1nc(CO)c(CCc2ccccc2)s1)CSCCCc1ccccc1,439.64600000000024,5.288300000000005,1.0,5.0,4.903089986991944,inactive
232,CHEMBL2260634,NC(=O)CCc1sc(NC(=O)CSCCCc2ccccc2)nc1/C=C/c1ccccc1,465.6440000000001,5.035900000000004,2.0,5.0,4.815308569182401,inactive
233,CHEMBL2260632,CC(=O)NCCCc1sc(CCC(=O)CSCCCc2ccccc2)nc1CCc1ccccc1,508.75300000000027,5.864700000000006,1.0,5.0,4.481486060122112,inactive
234,CHEMBL2260631,NC(=O)CCc1sc(CCC(=O)CSCCCc2ccccc2)nc1CCc1ccccc1,480.69900000000024,5.213900000000005,1.0,5.0,4.481486060122112,inactive
235,CHEMBL2260630,O=CCCc1sc(CCC(=O)CSCCCc2ccccc2)nc1CCc1ccccc1,465.6840000000002,5.927500000000006,0.0,5.0,4.407823242604133,inactive
236,CHEMBL2260629,O=C(CCc1nc(CCc2ccccc2)c(CCCO)s1)CSCCCc1ccccc1,467.7000000000002,5.720900000000007,1.0,5.0,4.903089986991944,inactive
237,CHEMBL2260628,O=C(/C=C/c1nc(CCc2ccccc2)c(CCCO)s1)CSCCCc1ccccc1,465.68400000000025,5.801500000000007,1.0,5.0,5.180456064458132,intermediate
238,CHEMBL3120850,O=C(CN1CCOCC1)[C@H](CCc1ccccc1)NC(=O)[C@@H]1C[C@@H](O)CN1C(=O)OCc1ccccc1,509.6030000000003,1.7773000000000008,2.0,7.0,4.301029995663981,inactive
239,CHEMBL3120849,CC(=O)SCC(=O)[C@H](CCc1ccccc1)NC(=O)[C@@H]1C[C@@H](O)CN1C(=O)OCc1ccccc1,498.60100000000034,2.7248,2.0,7.0,4.301029995663981,inactive
240,CHEMBL3120848,O=C(CSCCCc1ccccc1)[C@H](CCc1ccccc1)NC(=O)[C@@H]1C[C@@H](O)CN1C(=O)OCc1ccccc1,574.7430000000004,4.811100000000004,2.0,6.0,5.958607314841775,intermediate
241,CHEMBL3120847,O=C(CO)[C@H](CCc1ccccc1)NC(=O)[C@@H]1C[C@@H](O)CN1C(=O)OCc1ccccc1,440.4960000000002,1.437399999999999,3.0,6.0,7.096910013008056,active
242,CHEMBL3120846,O=C(NC1C2C=CC(C2)C1C(=O)N[C@@H](CCc1ccccc1)C(=O)CO)OCc1ccccc1,462.5460000000002,2.7825000000000006,3.0,5.0,4.473144012874125,inactive
243,CHEMBL3120844,O=C(N[C@@H](CCc1ccccc1)C(=O)N[C@@H](CCc1ccccc1)C(=O)CO)OCc1ccccc1,488.58400000000023,3.593200000000003,3.0,5.0,4.521722168080395,inactive
244,CHEMBL3120845,CC(=O)OCC(=O)[C@H](CCc1ccccc1)NC(=O)C1C2C=CC(C2)C1NC(=O)OCc1ccccc1,504.58300000000025,3.3533000000000017,2.0,6.0,4.301029995663981,inactive
245,CHEMBL3120843,CC(=O)OCC(=O)[C@H](CCc1ccccc1)NC(=O)[C@H](CCc1ccccc1)NC(=O)OCc1ccccc1,530.6210000000003,4.164000000000003,2.0,6.0,4.527682453683158,inactive
246,CHEMBL3120842,O=C(NC1(C(=O)N[C@@H](CCc2ccccc2)C(=O)CO)CCSCC1)OCc1ccccc1,470.59100000000035,2.8576000000000006,3.0,6.0,5.488116639021126,intermediate
247,CHEMBL3120840,O=C1CCC(NC(=O)OCc2ccccc2)(C(=O)N[C@@H](CCc2ccccc2)C(=O)CO)CC1,466.5340000000003,2.473700000000001,3.0,6.0,4.301029995663981,inactive
248,CHEMBL3120841,CC(=O)OCC(=O)[C@H](CCc1ccccc1)NC(=O)C1(NC(=O)OCc2ccccc2)CCSCC1,512.6280000000004,3.4284000000000017,2.0,7.0,4.4703130462270835,inactive
249,CHEMBL3120839,O=C(CO)[C@H](CCc1ccccc1)NC(=O)[C@@H]1Cc2ccccc2CN1C(=O)OCc1ccccc1,486.56800000000027,3.4291000000000027,2.0,5.0,4.301029995663981,inactive
250,CHEMBL3120838,CC(=O)OCC(=O)[C@H](CCc1ccccc1)NC(=O)[C@@H]1Cc2ccccc2CN1C(=O)OCc1ccccc1,528.6050000000004,3.999900000000003,1.0,6.0,4.301029995663981,inactive
251,CHEMBL3120836,O=C(N[C@H]1CC=CC[C@H]1C(=O)N[C@@H](CCc1ccccc1)C(=O)CO)OCc1ccccc1,450.5350000000002,2.9266000000000014,3.0,5.0,4.301029995663981,inactive
252,CHEMBL3120837,O=C(N[C@H]1CCC[C@H]1C(=O)N[C@@H](CCc1ccccc1)C(=O)CO)OCc1ccccc1,438.5240000000002,2.7605000000000013,3.0,5.0,4.301029995663981,inactive
253,CHEMBL3120835,O=C(N[C@@H]1CCCC[C@@H]1C(=O)N[C@@H](CCc1ccccc1)C(=O)CO)OCc1ccccc1,452.5510000000002,3.1506000000000016,3.0,5.0,5.354577730650908,intermediate
254,CHEMBL3120834,O=C(N[C@H]1CCCC[C@H]1C(=O)N[C@@H](CCc1ccccc1)C(=O)CO)OCc1ccccc1,452.5510000000002,3.1506000000000016,3.0,5.0,5.2580609222708015,intermediate
255,CHEMBL3120832,CC(=O)OCC(=O)[C@H](CCc1ccccc1)NC(=O)[C@@H]1COC(C)(C)N1C(=O)OCc1ccccc1,496.56000000000034,3.009900000000001,1.0,7.0,4.301029995663981,inactive
256,CHEMBL3120833,CC1(C)OC[C@@H](C(=O)N[C@@H](CCc2ccccc2)C(=O)CO)N1C(=O)OCc1ccccc1,454.52300000000025,2.4391,2.0,6.0,4.301029995663981,inactive
257,CHEMBL3120831,CC(=O)SCC(=O)[C@H](CCc1ccccc1)NC(=O)[C@@H]1CCCN1C(=O)OCc1ccccc1,482.6020000000004,3.754000000000003,1.0,6.0,4.301029995663981,inactive
258,CHEMBL3120829,O=C(CO)[C@H](CCc1ccccc1)NC(=O)[C@@H]1CCCN1C(=O)OCc1ccccc1,424.49700000000024,2.4665999999999997,2.0,5.0,4.301029995663981,inactive
259,CHEMBL3120830,O=C(CSCCCc1ccccc1)[C@H](CCc1ccccc1)NC(=O)[C@@H]1CCCN1C(=O)OCc1ccccc1,558.7440000000004,5.840300000000006,1.0,5.0,4.317584138322641,inactive
260,CHEMBL3352874,CC(C)C[C@H](NC(=O)[C@H](CC(C)C)NC(=O)[C@H](C(C)C)N(C)C)C(=O)N[C@@H](C)/C=C/C(=O)N1C(=O)C=C(OCc2ccccc2)[C@@H]1C(C)C.O=C(O)C(F)(F)F,795.9410000000003,4.822700000000006,4.0,8.0,8.163675884293248,active
261,CHEMBL3358144,CC(C)C[C@H](NC(=O)[C@H](CC(C)C)NC(=O)[C@H](C(C)C)N(C)C)C(=O)N[C@@H](C)/C=C/C(=O)N1CC(OCc2ccccc2)=CC1=O.O=C(O)C(F)(F)F,753.8600000000004,3.798100000000006,4.0,8.0,8.018181392829336,active
262,CHEMBL3358143,COC1=CC(=O)N(C(=O)/C=C/[C@H](C)NC(=O)[C@H](CC(C)C)NC(=O)[C@H](CC(C)C)NC(=O)[C@H](C(C)C)N(C)C)[C@H]1Cc1c[nH]c2ccccc12.O=C(O)C(F)(F)F,806.9240000000002,4.320300000000006,5.0,8.0,7.920818753952375,active
263,CHEMBL3358142,COC1=CC(=O)N(C(=O)/C=C/[C@H](C)NC(=O)[C@H](CC(C)C)NC(=O)[C@H](CC(C)C)NC(=O)[C@H](C(C)C)N(C)C)[C@H]1Cc1ccc(O)cc1.O=C(O)C(F)(F)F,783.8860000000003,3.5446000000000044,5.0,9.0,8.279840696594043,active
264,CHEMBL3358141,COC1=CC(=O)N(C(=O)/C=C/[C@H](C)NC(=O)[C@H](CC(C)C)NC(=O)[C@H](CC(C)C)NC(=O)[C@H](C(C)C)N(C)C)[C@H]1C(C)C.O=C(O)C(F)(F)F,719.8430000000003,3.2523000000000053,4.0,8.0,8.021363051615525,active
265,CHEMBL3358140,COC1=CC(=O)N(C(=O)/C=C/[C@H](C)NC(=O)[C@H](CC(C)C)NC(=O)[C@H](CC(C)C)NC(=O)[C@H](C(C)C)N(C)C)C1.O=C(O)C(F)(F)F,677.7620000000003,2.2277000000000045,4.0,8.0,7.605548319173784,active
266,CHEMBL3358139,CC[C@H](C)[C@@H](C(=O)N[C@@H](CC(C)C)C(=O)N[C@@H](CC(C)C)C(=O)N[C@H](C(=O)N[C@@H](C)/C=C/C(=O)N[C@@H](C)C(=O)N1C[C@@H](O)C[C@H]1C(=O)OC)C(C)C)N(C)C.O=C(O)C(F)(F)F,894.043,1.499000000000011,7.0,11.0,4.301029995663981,inactive
267,CHEMBL3358138,CC[C@H](C)[C@@H](C(=O)N[C@@H](CC(C)C)C(=O)N[C@@H](CC(C)C)C(=O)N[C@H](C(=O)N[C@@H](C)/C=C/C(=O)N[C@@H](C)C(=O)NCc1ccccc1)C(C)C)N(C)C.O=C(O)C(F)(F)F,856.041,3.6806000000000116,7.0,8.0,4.301029995663981,inactive
268,CHEMBL3358137,CC(C)C[C@H](NC(=O)[C@H](CC(C)C)NC(=O)[C@@H]1CCCN1C)C(=O)N[C@@H](C)/C=C/C(=O)N[C@@H](C)C(=O)NCc1ccccc1.O=C(O)C(F)(F)F,726.8380000000003,2.6577000000000064,6.0,7.0,5.221848749616356,intermediate
269,CHEMBL3358136,CC(C)C[C@H](NC(=O)[C@H](CC(C)C)NC(=O)[C@@H](C(C)C)N(C)C)C(=O)N[C@@H](C)/C=C/C(=O)N[C@@H](C)C(=O)NCc1ccccc1.O=C(O)C(F)(F)F,742.8810000000003,3.1497000000000073,6.0,7.0,5.468521082957745,intermediate
270,CHEMBL3358135,CC(C)C[C@H](NC(=O)[C@H](CC(C)C)NC(=O)[C@H](C(C)C)N(C)C)C(=O)N[C@@H](C)/C=C/C(=O)N[C@@H](C)C(=O)Nc1nccs1.O=C(O)C(F)(F)F,735.8710000000003,2.928500000000006,6.0,9.0,5.6020599913279625,intermediate
271,CHEMBL3358134,CC(C)C[C@H](NC(=O)[C@H](CC(C)C)NC(=O)[C@H](C(C)C)N(C)C)C(=O)N[C@@H](C)/C=C/C(=O)N[C@@H](C)C(=O)NCc1ccccc1.O=C(O)C(F)(F)F,742.8810000000003,3.1497000000000073,6.0,7.0,4.939302159646388,inactive
272,CHEMBL3358133,CC[C@H](C)[C@@H](C(=O)N[C@@H](CC(C)C)C(=O)N[C@@H](CC(C)C)C(=O)N[C@@H](C)/C=C/C(=O)N[C@@H](C)C(=O)N1C[C@@H](O)C[C@H]1C(=O)OC)N(C)C.O=C(O)C(F)(F)F,794.9100000000002,1.35820000000001,6.0,10.0,5.113509274827518,intermediate
273,CHEMBL3358132,CC[C@H](C)[C@@H](C(=O)N[C@@H](CC(C)C)C(=O)N[C@@H](CC(C)C)C(=O)N[C@@H](C)/C=C/C(=O)N[C@@H](C)C(=O)NCc1ccccc1)N(C)C.O=C(O)C(F)(F)F,756.9080000000001,3.5398000000000085,6.0,7.0,4.978810700930062,inactive
274,CHEMBL3358131,CO[C@H]1CC(=O)N(C(=O)CC[C@H](C)NC(=O)[C@H](CC(C)C)NC(=O)[C@H](CC(C)C)NC(=O)[C@H](C(C)C)N(C)C)[C@H]1C.O=C(O)C(F)(F)F,695.8210000000003,2.715000000000006,4.0,8.0,4.301029995663981,inactive
275,CHEMBL3358130,COC1=CC(=O)N(C(=O)CC[C@H](C)NC(=O)[C@H](CC(C)C)NC(=O)[C@H](CC(C)C)NC(=O)[C@H](C(C)C)N(C)C)[C@H]1C.O=C(O)C(F)(F)F,693.8050000000003,2.8402000000000047,4.0,8.0,5.430626090384954,intermediate
276,CHEMBL3358129,CO[C@H]1CC(=O)N(C(=O)/C=C/[C@H](C)NC(=O)[C@H](CC(C)C)NC(=O)[C@H](CC(C)C)NC(=O)[C@H](C(C)C)N(C)C)[C@H]1C.O=C(O)C(F)(F)F,693.8050000000003,2.491000000000005,4.0,8.0,8.55129368009492,active
277,CHEMBL3358128,COC1=CC(=O)N(C(=O)/C=C/[C@H](C)NC(=O)[C@H](CC(C)C)NC(=O)[C@H](CC(C)C)NC(=O)[C@H](C(C)C)N(C)C)[C@H]1C.O=C(O)C(F)(F)F,691.7890000000003,2.6162000000000045,4.0,8.0,8.168770306132936,active
278,CHEMBL541700,CC[C@H](C)[C@@H](C(=O)O[C@@H](CC(C)C)C(=O)N[C@@H](CC(C)C)C(=O)N[C@@H](C)/C=C/C(=O)N1C(=O)C=C(OC)[C@@H]1C)N(C)C,592.7780000000001,2.8000000000000043,2.0,8.0,8.070581074285707,active
279,CHEMBL541700,CC[C@H](C)[C@@H](C(=O)O[C@@H](CC(C)C)C(=O)N[C@@H](CC(C)C)C(=O)N[C@@H](C)/C=C/C(=O)N1C(=O)C=C(OC)[C@@H]1C)N(C)C,592.7780000000001,2.8000000000000043,2.0,8.0,8.070581074285707,active
280,CHEMBL4101714,COC(=O)/C=C/[C@H](CCc1ccccc1)NC(=O)[C@H](CC(C)C)NC(=O)OCc1ccccc1,466.57800000000026,4.174300000000003,2.0,5.0,5.020907099361674,intermediate
281,CHEMBL4100751,COC(=O)/C=C/[C@H](CCc1ccccc1)NC(=O)[C@H](CC(C)C)NC(=O)OCc1ccc([N+](=O)[O-])cc1,511.57500000000033,4.082500000000003,2.0,7.0,5.016373712875465,intermediate
282,CHEMBL4082758,COC(=O)/C=C/[C@H](CCc1ccccc1)NC(=O)[C@H](Cc1ccccc1)NC(=O)OCc1ccccc1,500.59500000000025,4.370900000000003,2.0,5.0,4.301029995663981,inactive
283,CHEMBL4093034,COC(=O)/C=C/[C@H](CCc1ccccc1)NC(=O)[C@H](Cc1ccccc1)NC(=O)OCc1ccc([N+](=O)[O-])cc1,545.5920000000003,4.279100000000003,2.0,7.0,4.301029995663981,inactive
284,CHEMBL4072275,CC(=O)/C=C/[C@H](CCc1ccccc1)NC(=O)[C@H](CC(C)C)NC(=O)OCc1ccccc1,450.57900000000024,4.590300000000004,2.0,4.0,6.6020599913279625,active
285,CHEMBL4096388,CC(=O)/C=C/[C@H](CCc1ccccc1)NC(=O)[C@H](CC(C)C)NC(=O)OCc1ccc([N+](=O)[O-])cc1,495.5760000000003,4.4985000000000035,2.0,6.0,6.958607314841775,active
286,CHEMBL4078345,CC(=O)/C=C/[C@H](CCc1ccccc1)NC(=O)[C@H](Cc1ccccc1)NC(=O)OCc1ccccc1,484.59600000000023,4.786900000000004,2.0,4.0,5.521433504406157,intermediate
287,CHEMBL4062015,CC(=O)/C=C/[C@H](CCc1ccccc1)NC(=O)[C@H](Cc1ccccc1)NC(=O)OCc1ccc([N+](=O)[O-])cc1,529.5930000000003,4.695100000000004,2.0,6.0,6.107905397309519,active
288,CHEMBL4083754,CC(C)C[C@H](NC(=O)OCc1ccccc1)C(=O)N[C@H](/C=C/S(=O)(=O)c1ccccc1)CCc1ccccc1,548.7050000000003,5.432700000000005,2.0,5.0,6.107905397309519,active
289,CHEMBL4070637,CC(C)C[C@H](NC(=O)OCc1ccc([N+](=O)[O-])cc1)C(=O)N[C@H](/C=C/S(=O)(=O)c1ccccc1)CCc1ccccc1,593.7020000000001,5.340900000000005,2.0,7.0,5.87942606879415,intermediate
290,CHEMBL2402204,O=C(N[C@@H](Cc1ccccc1)C(=O)N[C@H](/C=C/S(=O)(=O)c1ccccc1)CCc1ccccc1)OCc1ccccc1,582.7220000000003,5.629300000000006,2.0,5.0,5.134896025358872,intermediate
291,CHEMBL4081250,O=C(N[C@@H](Cc1ccccc1)C(=O)N[C@H](/C=C/S(=O)(=O)c1ccccc1)CCc1ccccc1)OCc1ccc([N+](=O)[O-])cc1,627.7190000000003,5.537500000000006,2.0,7.0,4.301029995663981,inactive
292,CHEMBL4099269,CC(C)C[C@H](NC(=O)OCc1ccccc1)C(=O)N[C@H](/C=C/C#N)CCc1ccccc1,433.55200000000013,4.524880000000004,2.0,4.0,4.301029995663981,inactive
293,CHEMBL4090306,CC(C)C[C@H](NC(=O)OCc1ccc([N+](=O)[O-])cc1)C(=O)N[C@H](/C=C/C#N)CCc1ccccc1,478.5490000000002,4.433080000000004,2.0,6.0,4.301029995663981,inactive
294,CHEMBL4060936,N#C/C=C/[C@H](CCc1ccccc1)NC(=O)[C@H](Cc1ccccc1)NC(=O)OCc1ccccc1,467.5690000000002,4.721480000000003,2.0,4.0,4.301029995663981,inactive
295,CHEMBL4074432,N#C/C=C/[C@H](CCc1ccccc1)NC(=O)[C@H](Cc1ccccc1)NC(=O)OCc1ccc([N+](=O)[O-])cc1,512.5660000000003,4.629680000000003,2.0,6.0,4.301029995663981,inactive
296,CHEMBL374508,CC(C)C[C@H](NC(=O)[C@H]1O[C@@H]1C(=O)O)C(=O)NCCCCN=C(N)N,357.4110000000002,-1.460899999999997,5.0,5.0,6.6020599913279625,active
297,CHEMBL2235031,Cc1cc(N/N=C/c2ccc(O[C@H]3O[C@@H]4O[C@@]5(C)CC[C@H]6[C@H](C)CC[C@@H]([C@H]3C)[C@@]46OO5)cc2)c2cc(Cl)ccc2n1,578.1090000000003,7.229420000000007,1.0,8.0,6.823908740944319,active
298,CHEMBL4227848,CN1CCCC(c2cccc(C(=O)N[C@@H](Cc3cccnc3)C(=O)NC3(C#N)CC3)c2)C1,431.5400000000002,2.40428,2.0,5.0,8.065501548756432,active
299,CHEMBL4227031,CN1CCN(Cc2ccc(-c3cncc(C(=O)N[C@@H](Cc4cccnc4)C(=O)NC4(C#N)CC4)c3)cc2)CC1,523.6410000000003,2.4044799999999995,2.0,7.0,8.619788758288394,active
300,CHEMBL4227486,N#CC1(NC(=O)[C@H](Cc2cccnc2)NC(=O)c2cccc(-n3cnnn3)c2)CC1,402.4180000000002,0.5707799999999992,2.0,8.0,8.522878745280337,active
301,CHEMBL4226307,N#CC1(NC(=O)[C@H](Cc2cccnc2)NC(=O)c2cccc(-c3cn[nH]c3)c2)CC1,400.4420000000002,1.985179999999999,3.0,5.0,8.920818753952375,active
302,CHEMBL4227166,N#CC1(NC(=O)[C@H](Cc2cccnc2)NC(=O)c2cccc(-c3ncc[nH]3)c2)CC1,400.4420000000002,1.9851799999999993,3.0,5.0,8.568636235841012,active
303,CHEMBL4226577,CS(=O)(=O)c1cccc(-c2cccc(C(=O)N[C@@H](Cc3cccnc3)C(=O)NC3(C#N)CC3)c2)c1,488.5690000000003,2.665580000000001,2.0,6.0,8.086186147616283,active
304,CHEMBL4227427,Cn1nc(C(F)(F)F)cc1-c1ccc(C(=O)N[C@@H](Cc2cccnc2)C(=O)NC2(C#N)CCS(=O)(=O)CC2)s1,580.6140000000001,2.4906800000000002,2.0,9.0,8.200659450546418,active
305,CHEMBL4224764,Cn1nc(C(F)(F)F)cc1-c1ccc(C(=O)N[C@@H](Cc2cccnc2)C(=O)NC2(C#N)CC2)s1,488.4950000000003,3.0758800000000015,2.0,7.0,8.657577319177793,active
306,CHEMBL4227696,CN1CCN(Cc2ccc(C(=O)N[C@@H](Cc3cccnc3)C(=O)NC3(C#N)CCS(=O)(=O)CC3)s2)CC1,544.7030000000001,0.8187800000000012,2.0,9.0,7.2564902352715706,active
307,CHEMBL4225350,CN1CCN(Cc2ccc(C(=O)N[C@@H](Cc3cccnc3)C(=O)NC3(C#N)CC3)s2)CC1,452.58400000000023,1.4039799999999996,2.0,7.0,7.586700235918748,active
308,CHEMBL4227965,N#CC1(NC(=O)[C@H](Cc2c[nH]c3ccc(O)cc23)NC(=O)c2ccc(-c3ccccc3)cc2)CC1,464.52500000000026,4.053980000000002,4.0,4.0,6.716698771296451,active
309,CHEMBL4228920,N#CC1(NC(=O)[C@H](Cc2nc3ccccc3s2)NC(=O)c2ccc(-c3ccccc3)cc2)CC1,466.5660000000002,4.476780000000003,2.0,5.0,5.301029995663981,intermediate
310,CHEMBL4228081,N#CC1(NC(=O)[C@@H](Cc2cccnc2)NC(=O)c2ccc(-c3ccccc3)cc2)CC1,410.4770000000002,3.262080000000002,2.0,4.0,5.301029995663981,intermediate
311,CHEMBL4229174,N#CC1(NC(=O)C(Cc2ccc(Cl)nc2)NC(=O)c2ccc(-c3ccccc3)cc2)CC1,444.92200000000025,3.9154800000000023,2.0,4.0,6.638272163982407,active
312,CHEMBL4228343,COc1ccc(CC(NC(=O)c2ccc(-c3ccccc3)cc2)C(=O)NC2(C#N)CC2)cn1,440.5030000000002,3.2706800000000014,2.0,5.0,6.749579997691106,active
313,CHEMBL4224829,N#CC1(NC(=O)[C@H](Cc2cscn2)NC(=O)c2ccc(-c3ccccc3)cc2)CC1,416.5060000000002,3.3235800000000015,2.0,5.0,6.863279432843593,active
314,CHEMBL4228604,N#CC1(NC(=O)[C@H](Cc2ccncc2)NC(=O)c2ccc(-c3ccccc3)cc2)CC1,410.4770000000002,3.262080000000001,2.0,4.0,5.301029995663981,intermediate
315,CHEMBL4225099,N#CC1(NC(=O)[C@H](Cc2ccccn2)NC(=O)c2ccc(-c3ccccc3)cc2)CC1,410.4770000000002,3.262080000000002,2.0,4.0,5.301029995663981,intermediate
316,CHEMBL4228861,N#CC1(NC(=O)[C@H](Cc2cccnc2)NC(=O)c2ccc(-c3ccccc3)cc2)CC1,410.4770000000002,3.262080000000002,2.0,4.0,7.636388020107856,active
317,CHEMBL4225367,N#CC1(NC(=O)[C@H](Cc2ccc(O[C@@H]3CCNC3)cc2)NC(=O)c2ccc(-c3ccccc3)cc2)CC1,494.5950000000002,3.6077800000000027,3.0,5.0,5.79997073344623,intermediate
318,CHEMBL4228800,CN(C)c1ccc(C[C@H](NC(=O)c2ccc(-c3ccccc3)cc2)C(=O)NC2(C#N)CC2)cc1,452.55800000000016,3.933080000000002,2.0,4.0,5.301029995663981,intermediate
319,CHEMBL4226767,N#CC1(NC(=O)[C@H](Cc2ccccc2)NC(=O)c2ccc(-c3ccccc3)cc2)CC1,409.4890000000002,3.8670800000000023,2.0,3.0,6.175874166083451,active
320,CHEMBL4227619,CN1CCN(C(=O)C[C@H](NC(=O)c2ccc(-c3ccccc3)cc2)C(=O)NC2(C#N)CC2)CC1,459.55000000000024,1.78848,2.0,5.0,5.301029995663981,intermediate
321,CHEMBL4227566,N#CC1(NC(=O)[C@H](CCCCCN)NC(=O)c2ccc(-c3ccccc3)cc2)CC1,404.5140000000001,3.143480000000001,3.0,4.0,5.301029995663981,intermediate
322,CHEMBL4228399,N#CC1(NC(=O)[C@H](CCCCN)NC(=O)c2ccc(-c3ccccc3)cc2)CC1,390.48700000000014,2.753380000000001,3.0,4.0,5.301029995663981,intermediate
323,CHEMBL4227295,CC(C)C[C@H](NC(=O)c1ccc(-c2ccccc2)cc1)C(=O)NC1(C#N)CC1,375.4720000000002,3.670480000000002,2.0,3.0,7.568636235841013,active
324,CHEMBL4228143,CC(C)C[C@H](NC(=O)c1ccc(CN2CCN(C)CC2)cc1)C(=O)NC1(C#N)CCS(=O)(=O)CC1,503.6690000000004,1.1656800000000027,2.0,7.0,7.2441251443275085,active
325,CHEMBL1215628,CC(C)CN(NC(=O)c1ccc(CN2CCN(C)CC2)cc1)c1nc(C#N)ncc1Br,486.4180000000002,2.665580000000002,1.0,7.0,9.221848749616356,active
326,CHEMBL4228926,CC(C)C[C@H](NC(=O)c1ccc(-c2ccccc2)cc1)C(=O)NC1(C#N)CCS(=O)(=O)CC1,467.59100000000035,3.085280000000002,2.0,5.0,8.096910013008056,active
327,CHEMBL4516951,COC1=CC(=O)N(C(=O)/C=C/[C@@H](NC(=O)[C@H](CC(C)C)NC(=O)[C@H](CC2CCCCC2)NC(=O)[C@H](C(C)C)N(C)C)C2CCCCC2)[C@H]1Cc1c[nH]c2ccccc12.O=C(O)C(F)(F)F,915.108,6.805000000000005,5.0,8.0,6.772113295386326,active
328,CHEMBL4456644,COC1=CC(=O)N(C(=O)/C=C/[C@H](CC2CCCCC2)NC(=O)[C@H](CC(C)C)NC(=O)[C@H](CC(C)C)NC(=O)[C@H](C(C)C)N(C)C)[C@H]1Cc1c[nH]c2ccccc12.O=C(O)C(F)(F)F,889.0700000000002,6.270800000000006,5.0,8.0,6.568636235841013,active
329,CHEMBL4439637,COC1=CC(=O)N(C(=O)/C=C/[C@H](CCc2ccccc2)NC(=O)[C@H](CC(C)C)NC(=O)[C@H](CC(C)C)NC(=O)[C@H](C(C)C)N(C)C)[C@H]1Cc1c[nH]c2ccccc12.O=C(O)C(F)(F)F,897.0490000000001,5.933200000000006,5.0,8.0,7.481486060122112,active
330,CHEMBL1458713,CC(C)C[C@H](NC(=O)[C@@H]1O[C@H]1C(=O)O)C(=O)NCCCCN=C(N)N,357.4110000000002,-1.460899999999997,5.0,5.0,7.167491087293763,active
331,CHEMBL4472824,COC1=CC(=O)N(C(=O)/C=C/[C@H](C)NC(=O)[C@H](CC(C)C)NC(=O)[C@H](CC2CCCCC2)NC(=O)[C@H](C(C)C)N(C)C)[C@H]1Cc1c[nH]c2ccccc12.O=C(O)C(F)(F)F,846.9890000000003,5.2446000000000055,5.0,8.0,7.229147988357855,active
332,CHEMBL4467013,COC1=CC(=O)N(C(=O)/C=C/[C@H](C)NC(=O)[C@H](CC(C)C)NC(=O)[C@H](CC2CCCCC2)NC(=O)C2CCN(C)CC2)[C@H]1Cc1c[nH]c2ccccc12.O=C(O)C(F)(F)F,844.9730000000001,5.000200000000005,5.0,8.0,7.508638306165727,active
333,CHEMBL4434685,COC1=CC(=O)N(C(=O)/C=C/[C@H](C)NC(=O)[C@H](CC(C)C)NC(=O)[C@H](CC(C)C)NC(=O)C2CCN(C)CC2)[C@H]1Cc1c[nH]c2ccccc12.O=C(O)C(F)(F)F,804.9080000000002,4.075900000000005,5.0,8.0,7.5376020021010435,active
334,CHEMBL4564002,COC1=CC(=O)N(C(=O)/C=C/[C@H](C)NC(=O)[C@H](CC(C)C)NC(=O)[C@H](Cc2ccccc2)NC(=O)[C@H](C(C)C)N(C)C)[C@H]1Cc1c[nH]c2ccccc12.O=C(O)C(F)(F)F,840.9410000000001,4.516900000000006,5.0,8.0,7.221848749616356,active
335,CHEMBL4442854,COC1=CC(=O)N(C(=O)/C=C/[C@H](C)NC(=O)[C@H](CC(C)C)NC(=O)[C@H](CCc2ccccc2)NC(=O)[C@H](C(C)C)N(C)C)[C@H]1Cc1c[nH]c2ccccc12.O=C(O)C(F)(F)F,854.9680000000002,4.907000000000006,5.0,8.0,7.2441251443275085,active
336,CHEMBL4473513,COC1=CC(=O)N(C(=O)/C=C/[C@H](C)NC(=O)[C@H](CCc2ccccc2)NC(=O)[C@H](CC(C)C)NC(=O)[C@H](C(C)C)N(C)C)[C@H]1Cc1c[nH]c2ccccc12.O=C(O)C(F)(F)F,854.9680000000002,4.9070000000000045,5.0,8.0,5.509058794643213,intermediate
337,CHEMBL4594166,COC1=CC(=O)N(C(=O)/C=C/[C@H](C)NC(=O)[C@H](CCc2ccccc2)NC(=O)[C@H](CC2CCCCC2)NC(=O)[C@H](C(C)C)N(C)C)[C@H]1Cc1c[nH]c2ccccc12.O=C(O)C(F)(F)F,895.0330000000002,5.831300000000004,5.0,8.0,5.453087356818758,intermediate
338,CHEMBL4475837,COC1=CC(=O)N(C(=O)/C=C/[C@H](C)NC(=O)[C@H](CC2CCCCC2)NC(=O)[C@H](CC2CCCCC2)NC(=O)[C@H](C(C)C)N(C)C)[C@H]1Cc1c[nH]c2ccccc12.O=C(O)C(F)(F)F,887.0540000000004,6.168900000000005,5.0,8.0,6.333482019445119,active
339,CHEMBL4437416,COC1=CC(=O)N(C(=O)/C=C/[C@H](C)NC(=O)[C@H](CC2CCCCC2)NC(=O)[C@H](CC(C)C)NC(=O)[C@H](C(C)C)N(C)C)[C@H]1Cc1c[nH]c2ccccc12.O=C(O)C(F)(F)F,846.9890000000003,5.2446000000000055,5.0,8.0,6.628932137728263,active
340,CHEMBL4555968,COC1=CC(=O)N(C(=O)/C=C/[C@H](C)NC(=O)[C@H](CC2CCCCC2)NC(=O)[C@H](CC2CCCCC2)NC(=O)C2CCN(C)CC2)[C@H]1Cc1c[nH]c2ccccc12.O=C(O)C(F)(F)F,885.0380000000002,5.9245000000000045,5.0,8.0,6.341988603342887,active
341,CHEMBL4527228,COC1=CC(=O)N(C(=O)/C=C/[C@H](C)NC(=O)[C@H](CC2CCCCC2)NC(=O)[C@H](CC(C)C)NC(=O)C2CCN(C)CC2)[C@H]1Cc1c[nH]c2ccccc12.O=C(O)C(F)(F)F,844.9730000000001,5.000200000000005,5.0,8.0,6.806875401645538,active
342,CHEMBL4562998,COC1=CC(=O)N(C(=O)/C=C/[C@H](C)NC(=O)C(C)(C)NC(=O)[C@H](CC(C)C)NC(=O)[C@H](C(C)C)N(C)C)[C@H]1Cc1c[nH]c2ccccc12.O=C(O)C(F)(F)F,778.8700000000003,3.684200000000006,5.0,8.0,4.301029995663981,inactive
343,CHEMBL4555310,COC1=CC(=O)N(C(=O)/C=C/C(C)(C)NC(=O)[C@H](CC(C)C)NC(=O)[C@H](CC(C)C)NC(=O)[C@H](C(C)C)N(C)C)[C@H]1Cc1c[nH]c2ccccc12.O=C(O)C(F)(F)F,820.9510000000002,4.710400000000005,5.0,8.0,4.301029995663981,inactive
344,CHEMBL4442674,COC1=CC(=O)N(C(=O)/C=C/[C@@H](NC(=O)[C@H](CC(C)C)NC(=O)[C@H](CC(C)C)NC(=O)[C@H](C(C)C)N(C)C)C2CCCCC2)[C@H]1Cc1c[nH]c2ccccc12.O=C(O)C(F)(F)F,875.0429999999999,5.880700000000006,5.0,8.0,7.075720713938118,active
345,CHEMBL1302947,O=C(Cn1nnc(-c2ccccc2)n1)NNC(=O)c1ccco1,312.2890000000001,0.39429999999999954,2.0,7.0,5.175874166083451,intermediate
346,CHEMBL4451728,COc1ccc(NC(=O)Cn2nnc(-c3ccccc3NC(=O)c3cc(OC)cc(OC)c3)n2)cc1,488.50400000000025,3.2569000000000017,2.0,9.0,5.175874166083451,intermediate
347,CHEMBL4582464,CC(C(=O)N1c2ccccc2CCc2ccccc21)n1nnc(-c2ccc(N3CCOCC3)cc2)n1,480.5720000000003,4.201200000000004,0.0,7.0,5.175874166083451,intermediate
348,CHEMBL4449400,COc1ccc(NC(=O)Cn2nnc(-c3ccccc3NS(=O)(=O)c3ccc(NC(C)=O)cc3)n2)cc1,521.5590000000002,2.746600000000001,3.0,9.0,5.175874166083451,intermediate
349,CHEMBL4582597,CCCCOc1ccc(-c2nnn(CC(=O)Nc3c(C)ccc4ccccc34)n2)cc1,415.4970000000001,4.619320000000004,1.0,6.0,5.175874166083451,intermediate
350,CHEMBL4578038,COc1ccc(C(=O)Cn2nnc(-c3ccccc3NC(=O)c3ccncc3)n2)cc1,414.42500000000007,2.8789000000000007,1.0,8.0,5.175874166083451,intermediate
351,CHEMBL4458321,CCCCOc1ccc(-c2nnn(CC(=O)c3ccc(Cl)cc3)n2)cc1,370.84,4.055300000000003,0.0,6.0,5.175874166083451,intermediate
352,CHEMBL4551614,COc1ccc(-c2ccc(-c3nnn(CC(=O)c4ccccc4)n3)cc2)cc1,370.412,3.8986000000000027,0.0,6.0,5.175874166083451,intermediate
353,CHEMBL1584095,Cc1cc(NC(=O)Cn2nnc(-c3ccccc3NC(=O)c3ccccc3F)n2)no1,421.39200000000017,2.66662,2.0,8.0,5.175874166083451,intermediate
354,CHEMBL4444541,COc1ccc(C(=O)Nc2ccc(-c3nnn(CC(=O)Nc4cc(C)on4)n3)cc2)cc1,433.4280000000001,2.5361200000000004,2.0,9.0,5.175874166083451,intermediate
355,CHEMBL4471644,Cc1cc(NC(=O)Cn2nnc(-c3ccc(N)cc3)n2)no1,299.29400000000004,0.8574199999999998,2.0,8.0,5.175874166083451,intermediate
356,CHEMBL4646055,CN1CCCc2cc(CCNC(=O)C(=O)Nc3ccc4c(c3)OCO4)ccc21,381.4320000000002,2.0950999999999995,2.0,5.0,4.83238732727247,inactive
357,CHEMBL4637201,O=C(NCCCNC(=O)c1cc2ccccc2[nH]1)c1ccc(-c2ccccc2)cc1,397.4780000000001,4.384800000000003,3.0,2.0,4.915066425063284,inactive
358,CHEMBL327624,O=C(N[C@H](/C=C/S(=O)(=O)c1ccccc1)CCc1ccccc1)[C@H](Cc1ccccc1)NC(=O)N1CCOCC1,561.7040000000001,3.7447000000000026,2.0,5.0,7.096910013008056,active
359,CHEMBL486232,CC(C)C[C@H](NC(=O)N1CCOCC1)C(=O)N[C@H](/C=C/S(=O)(=O)c1ccccc1)CCc1ccccc1,527.6870000000002,3.5481000000000025,2.0,5.0,8.522878745280337,active
360,CHEMBL5411543,CC(C)C[C@H](NC(=O)N1CCN(C)CC1)C(=O)N[C@H](/C=C/S(=O)(=O)c1ccccc1)CCc1ccccc1,540.7300000000002,3.463300000000003,2.0,5.0,8.301029995663981,active
361,CHEMBL5420328,CC(C)C[C@H](NC(=O)N1CCN(C)CC1)C(=O)N[C@H](/C=C/S(=O)(=O)c1ccc2ccccc2c1)CCc1ccccc1,590.7900000000002,4.616500000000005,2.0,5.0,8.698970004336019,active
362,CHEMBL5419296,Oc1ccc(-c2nccc3ccc(Cc4ccccc4)cc23)cc1,311.384,5.198200000000004,1.0,2.0,5.096910013008056,intermediate
363,CHEMBL5397408,COc1ccc(-c2nccc3ccc(Cc4ccccc4)cc23)cc1,325.41100000000006,5.501200000000004,0.0,2.0,5.0,inactive
364,CHEMBL5420093,COc1cc2ccnc(-c3ccc(OCc4ccccc4)cc3)c2cc1OC,371.4360000000001,5.498000000000005,0.0,4.0,5.522878745280337,intermediate
365,CHEMBL541700,CC[C@H](C)[C@@H](C(=O)O[C@@H](CC(C)C)C(=O)N[C@@H](CC(C)C)C(=O)N[C@@H](C)/C=C/C(=O)N1C(=O)C=C(OC)[C@@H]1C)N(C)C,592.7780000000001,2.8000000000000043,2.0,8.0,8.070581074285707,active
366,CHEMBL1213751,COc1cc2cc(/C=C/C(=O)c3ccc(Cl)cc3Cl)c(Cl)nc2cc1OC,422.69500000000016,6.1083000000000025,0.0,4.0,4.0,inactive
367,CHEMBL5424800,O=[N+]([O-])c1ccc(-n2cc(COc3ccnc4cc(Cl)ccc34)nn2)cc1,381.77900000000005,3.956100000000002,0.0,7.0,4.791558643561433,inactive
368,CHEMBL5416707,COc1ccc(-n2cc(COc3ccnc4cc(Cl)ccc34)nn2)cc1,366.80800000000005,4.056500000000003,0.0,6.0,4.595679532778269,inactive
369,CHEMBL5404412,Fc1ccc(-n2cc(COc3ccnc4cc(Cl)ccc34)nn2)c(F)c1,372.7620000000001,4.326100000000002,0.0,5.0,4.595508382241314,inactive
370,CHEMBL5406869,Fc1ccc(-n2cc(COc3ccnc4cc(Cl)ccc34)nn2)cc1F,372.7620000000001,4.326100000000002,0.0,5.0,4.59108197915322,inactive
371,CHEMBL5399441,Cc1ccc(-n2cc(COc3ccnc4cc(Cl)ccc34)nn2)cc1,350.8090000000001,4.356320000000003,0.0,5.0,4.5752816626684325,inactive
372,CHEMBL5402350,Fc1ccc(-n2cc(COc3ccnc4cc(Cl)ccc34)nn2)cc1Cl,389.2170000000001,4.8404000000000025,0.0,5.0,4.3460160926259315,inactive
373,CHEMBL5417979,Fc1ccccc1-n1cc(COc2ccnc3cc(Cl)ccc23)nn1,354.772,4.187000000000002,0.0,5.0,3.9693193360000985,inactive
374,CHEMBL5394920,O=C(c1cc(Cl)nc2ccccc12)N1CCN(c2ccnc3cc(Cl)ccc23)CC1,437.3300000000002,5.052200000000004,0.0,4.0,5.320572103387881,intermediate
375,CHEMBL5395393,CC(=O)Nc1ccc(S(=O)(=O)N2CCN(C(=O)c3cc(Cl)nc4ccccc34)CC2)cc1,472.95400000000024,2.9933000000000014,1.0,5.0,5.132532512140949,intermediate
376,CHEMBL5439062,COc1ccc(-c2cc(C(=O)N3CCN(S(=O)(=O)c4ccc(NC(C)=O)cc4)CC3)c3ccccc3n2)cc1,544.6330000000003,4.015500000000003,1.0,6.0,5.669586226650809,intermediate
377,CHEMBL5425369,CC(=O)Nc1ccc(S(=O)(=O)N2CCN(C(=O)c3cc(-c4ccc(OC(F)(F)F)cc4)nc4ccccc34)CC2)cc1,598.6030000000001,4.905500000000004,1.0,6.0,5.578396073130169,intermediate
378,CHEMBL5398030,O=C(c1cc(-c2ccccc2)nc2ccccc12)N1CCN(c2cc(=O)[nH]c3ccccc23)CC1,460.5370000000003,4.705700000000003,1.0,4.0,4.885722703438414,inactive
379,CHEMBL5412407,O=C(c1cc(-c2ccccc2)nc2ccccc12)N1CCN(S(=O)(=O)c2ccc(Cl)cc2Cl)CC1,526.4450000000003,5.355300000000004,0.0,4.0,5.376750709602099,intermediate
380,CHEMBL5437576,COc1cc(OC)c(/C=C2\SC(=O)N(CC(=O)N3CCN(c4ccccc4)CC3)C2=O)c(OC)c1,497.5730000000003,3.097500000000002,0.0,8.0,4.5934598195660445,inactive
381,CHEMBL5408566,O=C(N[C@H](Cc1c[nH]c2ccccc12)C(=O)NCc1ccccc1)Oc1ccccc1,413.4770000000001,4.184000000000004,3.0,3.0,4.527243550682788,inactive
382,CHEMBL5420035,O=C(Cc1ccccc1)N[C@H](Cc1c[nH]c2ccccc12)C(=O)NCc1ccccc1,411.5050000000001,3.7543000000000015,3.0,2.0,4.404503778174426,inactive
383,CHEMBL5438601,O=C(N[C@H](Cc1c[nH]c2ccccc12)C(=O)NCc1ccc([N+](=O)[O-])cc1)Oc1ccccc1,458.47400000000016,4.092200000000003,3.0,5.0,5.0,inactive
384,CHEMBL5400936,COC(=O)c1ccc(CNC(=O)[C@@H](Cc2c[nH]c3ccccc23)NC(=O)Oc2ccccc2)cc1,471.51300000000015,3.970600000000002,3.0,5.0,4.876148359032914,inactive
385,CHEMBL5436591,CCOc1ccc(NC(=O)N/N=C/c2ccc(C(=O)O[C@@H]3O[C@@H]4O[C@@]5(C)CC[C@H]6[C@H](C)CC[C@@H]([C@H]3C)[C@@]46OO5)cc2)cc1,593.6770000000005,5.605700000000006,2.0,9.0,6.5376020021010435,active
386,CHEMBL5394407,C[C@H]1[C@H](OC(=O)c2ccc(/C=N/NC(=O)Nc3ccccc3F)cc2)O[C@@H]2O[C@@]3(C)CC[C@H]4[C@H](C)CC[C@@H]1[C@@]24OO3,567.6140000000004,5.346100000000005,2.0,8.0,6.327902142064283,active
387,CHEMBL5420927,C[C@H]1[C@H](OC(=O)c2ccc(/C=N/NC(=O)Nc3ccc(F)cc3)cc2)O[C@@H]2O[C@@]3(C)CC[C@H]4[C@H](C)CC[C@@H]1[C@@]24OO3,567.6140000000004,5.346100000000005,2.0,8.0,6.187086643357144,active
388,CHEMBL5411995,Cc1cc(C)cc(NC(=O)N/N=C/c2ccc(C(=O)O[C@@H]3O[C@@H]4O[C@@]5(C)CC[C@H]6[C@H](C)CC[C@@H]([C@H]3C)[C@@]46OO5)cc2)c1,577.6780000000005,5.823840000000006,2.0,8.0,6.2441251443275085,active
389,CHEMBL5426937,C[C@H]1[C@@H](Oc2ccc(/C=N/NC(=S)Nc3ccccc3F)cc2)O[C@@H]2O[C@@]3(C)CC[C@H]4[C@H](C)CC[C@@H]1[C@@]24OO3,555.6720000000004,5.733000000000005,2.0,7.0,5.600326278518962,intermediate
390,CHEMBL5411313,Cc1ccc(NC(=S)N/N=C/c2ccc(O[C@H]3O[C@@H]4O[C@@]5(C)CC[C@H]6[C@H](C)CC[C@@H]([C@H]3C)[C@@]46OO5)cc2)c(C)c1,565.7360000000004,6.210740000000007,2.0,7.0,5.8696662315049934,intermediate
391,CHEMBL5428518,Cc1ccc(NC(=O)N/N=C/c2ccc(O[C@H]3O[C@@H]4O[C@@]5(C)CC[C@H]6[C@H](C)CC[C@@H]([C@H]3C)[C@@]46OO5)cc2)c(C)c1,549.6680000000003,6.045840000000007,2.0,7.0,5.987162775294828,intermediate
392,CHEMBL5398031,CCOc1cccc(NC(=S)N/N=C/c2ccc(O[C@H]3O[C@@H]4O[C@@]5(C)CC[C@H]6[C@H](C)CC[C@@H]([C@H]3C)[C@@]46OO5)cc2)c1,581.7350000000005,5.992600000000006,2.0,8.0,6.2839966563652006,active
393,CHEMBL5434197,NC(=O)c1c(NC(=O)CSc2nc3scc(-c4ccccc4)c3c(=O)n2C2CCCCC2)sc2c1CCC2,564.7580000000002,6.010100000000004,2.0,8.0,5.835647144215563,intermediate
394,CHEMBL5404235,C=CCn1c(SCC(=O)Nc2sc3c(c2C(N)=O)CCC3)nc2sc3c(c2c1=O)CCCC3,500.6710000000005,3.902700000000003,2.0,8.0,5.238824186844268,intermediate
395,CHEMBL5424376,C=CCn1c(SCC(=O)Nc2sc3c(c2C(N)=O)CCC3)nc2scc(-c3ccc(Cl)cc3)c2c1=O,557.1220000000003,5.344300000000003,2.0,8.0,5.530177984021837,intermediate
396,CHEMBL5419333,C=CCn1c(SCC(=O)Nc2sc3c(c2C(N)=O)CCC3)nc2scc(-c3cccc([N+](=O)[O-])c3)c2c1=O,567.6740000000003,4.5991000000000035,2.0,10.0,4.928117992693875,inactive
397,CHEMBL559434,C=CCn1c(SCC(=O)Nc2sc3c(c2C(N)=O)CCC3)nc2scc(-c3ccccc3)c2c1=O,522.6770000000004,4.690900000000003,2.0,8.0,5.55129368009492,intermediate
398,CHEMBL5426764,O=C(/C=C\c1ccc(O)c(O)c1)O[C@H]1CO[C@@H](Oc2c(-c3ccc(O)cc3)oc3cc(O)cc(O)c3c2=O)[C@H](OC(=O)/C=C/c2ccc(O)cc2)[C@H]1O,726.6430000000004,4.040000000000003,7.0,15.0,6.356547323513812,active
399,CHEMBL5421969,C(=C/c1cn(-c2ccccc2)nc1-c1ccccc1)\c1nnc(-c2c[nH]c3ccccc23)o1,429.4830000000002,6.241000000000005,1.0,5.0,5.154901959985743,intermediate
400,CHEMBL5436386,Cc1ccc(-c2nn(-c3ccccc3)cc2/C=C/c2nnc(-c3ccc(Cl)cc3Cl)o2)cc1,473.3630000000003,7.374920000000004,0.0,5.0,3.958607314841775,inactive
401,CHEMBL5440402,Cc1ccc(-c2nn(-c3ccccc3)cc2/C=C/c2nnc(-c3ccc([N+](=O)[O-])cc3)o2)cc1,449.47000000000025,5.976320000000005,0.0,7.0,4.795880017344075,inactive
402,CHEMBL5420344,Cc1ccc(-c2nn(-c3ccccc3)cc2/C=C/c2nnc(-c3ccc(Cl)cc3)o2)cc1,438.91800000000023,6.721520000000004,0.0,5.0,4.698970004336019,inactive
403,CHEMBL5424180,C(=C/c1cn(-c2ccccc2)nc1-c1ccccc1)\c1nnc(-c2ccco2)o1,380.40700000000015,5.352700000000004,0.0,6.0,4.853871964321762,inactive
404,CHEMBL4215216,COc1cccc(/C=C(\C#N)c2nc3ccccc3[nH]2)c1,275.311,3.6356800000000016,1.0,3.0,5.655607726314889,intermediate
405,CHEMBL5409393,COc1cc(/C=C(\C#N)c2nc3ccccc3[nH]2)cc(OC)c1,305.3370000000001,3.644280000000002,1.0,4.0,5.442492798094342,intermediate
406,CHEMBL5437384,N=C(N)NCCC[C@H](NC(=O)[C@H](Cc1ccccc1)NC(=O)OCc1ccccc1)C(=O)CF,471.53300000000024,1.8107700000000015,5.0,5.0,9.443697499232712,active
407,CHEMBL5407224,O=C(CF)[C@H](CCc1ccccc1)NC(=O)[C@H](Cc1ccccc1)NC(=O)N1CCOCC1,455.53000000000026,2.2957,2.0,4.0,8.522878745280337,active
408,CHEMBL5398692,CC(C)C[C@H](NC(=O)N1CCOCC1)C(=O)N[C@@H](CCc1ccccc1)C(=O)CF,421.51300000000015,2.0991000000000004,2.0,4.0,9.3767507096021,active
409,CHEMBL5438396,Fc1ccc(-n2cc(COc3cccc4cc(Cl)ccc34)nn2)cc1F,371.77400000000006,4.9311000000000025,0.0,4.0,4.59108197915322,inactive
410,CHEMBL5416078,O=[N+]([O-])c1ccc(-n2cc(COc3cccc4cc(Cl)ccc34)nn2)cc1,380.791,4.561100000000002,0.0,6.0,4.791558643561433,inactive
411,CHEMBL5394154,Oc1ccccc1C(c1ccc(C(F)(F)F)cc1)N1CCN(c2cnccn2)CC1,414.4310000000002,4.112600000000004,1.0,5.0,5.070581074285707,intermediate
412,CHEMBL5422873,COc1ccc(C(c2ccccc2O)N2CCN(c3cnccn3)CC2)cc1,376.4600000000001,3.102400000000002,1.0,6.0,4.507239610973162,inactive
413,CHEMBL5437766,COc1cccc(C(c2ccc(OC(F)(F)F)cc2)N2CCN(c3cnccn3)CC2)c1O,460.4560000000002,4.001000000000004,1.0,7.0,4.943095148663527,inactive
414,CHEMBL5398485,COc1cccc(C(c2ccc(C(F)(F)F)cc2)N2CCN(c3cnccn3)CC2)c1O,444.4570000000002,4.121200000000004,1.0,6.0,5.207608310501746,intermediate
415,CHEMBL5395561,COc1cccc(C(c2ccc(F)c(F)c2)N2CCN(c3cnccn3)CC2)c1O,412.44000000000017,3.3806000000000025,1.0,6.0,4.614393726401688,inactive
416,CHEMBL5434874,Oc1ccccc1C(c1ccc(OC(F)(F)F)cc1)N1CCN(c2cnccn2)CC1,430.4300000000002,3.9924000000000026,1.0,6.0,5.229147988357856,intermediate
417,CHEMBL5400091,Oc1ccccc1C(c1ccc(Cl)c(Cl)c1)N1CCN(c2cnccn2)CC1,415.32400000000024,4.400600000000004,1.0,5.0,5.180456064458132,intermediate
418,CHEMBL374508,CC(C)C[C@H](NC(=O)[C@H]1O[C@@H]1C(=O)O)C(=O)NCCCCN=C(N)N,357.4110000000002,-1.460899999999997,5.0,5.0,7.26440110030182,active
419,CHEMBL5406869,Fc1ccc(-n2cc(COc3ccnc4cc(Cl)ccc34)nn2)cc1F,372.7620000000001,4.326100000000002,0.0,5.0,4.59108197915322,inactive
420,CHEMBL5424800,O=[N+]([O-])c1ccc(-n2cc(COc3ccnc4cc(Cl)ccc34)nn2)cc1,381.77900000000005,3.956100000000002,0.0,7.0,4.791558643561433,inactive
421,CHEMBL5556412,O=C(Cn1cc(CN2CCN(c3ccnc4cc(Cl)ccc34)CC2)nn1)Nc1cccc([N+](=O)[O-])c1,506.95400000000024,3.3488000000000016,1.0,9.0,5.0915149811213505,intermediate
422,CHEMBL5563817,O=[N+]([O-])c1ccc(-n2cc(COc3cccc4nc(Cl)ccc34)nn2)cc1,381.77900000000005,3.956100000000003,0.0,7.0,4.791558643561433,inactive
423,CHEMBL5625072,Cc1ccc(C(c2ccccc2O)N2CCN(c3ccnc4cc(Cl)ccc34)CC2)cc1,443.9780000000001,5.813820000000004,1.0,4.0,5.214670164989233,intermediate
424,CHEMBL5630622,Oc1ccccc1C(c1ccc(F)c(Cl)c1)N1CCN(c2ccnc3cc(Cl)ccc23)CC1,482.38600000000025,6.297900000000005,1.0,4.0,5.060480747381382,intermediate
425,CHEMBL5630614,Oc1ccccc1C(c1ccc(F)c(F)c1)N1CCN(c2ccnc3cc(Cl)ccc23)CC1,465.9310000000002,5.783600000000005,1.0,4.0,5.4089353929735005,intermediate
426,CHEMBL5630817,Oc1ccccc1C(c1ccc(OC(F)(F)F)cc1)N1CCN(c2ccnc3cc(Cl)ccc23)CC1,513.9470000000002,6.404000000000004,1.0,5.0,5.318758762624412,intermediate
427,CHEMBL5624786,COc1ccc(C(c2cccc(OC)c2O)N2CCN(c3ccnc4cc(Cl)ccc34)CC2)cc1,490.0030000000002,5.522600000000006,1.0,6.0,5.1487416512809245,intermediate
428,CHEMBL5630854,COc1cccc(C(c2ccc(F)c(F)c2)N2CCN(c3ccnc4cc(Cl)ccc34)CC2)c1O,495.9570000000003,5.792200000000006,1.0,5.0,4.982966660701219,inactive
429,CHEMBL5630121,COc1cccc(C(c2ccc(C(F)(F)F)cc2)N2CCN(c3ccnc4cc(Cl)ccc34)CC2)c1O,527.9740000000004,6.532800000000006,1.0,5.0,5.267606240177032,intermediate
430,CHEMBL5624599,COc1cccc(C(c2ccc(Cl)c(Cl)c2)N2CCN(c3ccnc4cc(Cl)ccc34)CC2)c1O,528.8670000000004,6.820800000000006,1.0,5.0,5.337242168318426,intermediate
431,CHEMBL1458713,CC(C)C[C@H](NC(=O)[C@@H]1O[C@H]1C(=O)O)C(=O)NCCCCN=C(N)N,357.4110000000002,-1.460899999999997,5.0,5.0,4.2644011003018205,inactive
